trade_date,ticker,open,high,low,close,volume
2020-01-02,AAPL,71.28255265875951,72.3316786074174,71.02990003720043,72.27152252197266,135480400
2020-01-02,GOOGL,66.7850047466292,67.78894805908203,66.68990896520182,67.78894805908203,27278000
2020-01-02,MSFT,149.80820704914478,151.64802030530632,149.3836369741226,151.5442352294922,22622100
2020-01-03,AAPL,71.5015265354796,72.3268663213162,71.34512217138068,71.56890106201172,146322800
2020-01-03,GOOGL,66.76469553270479,68.04005816886901,66.73101184173632,67.43431854248047,23408000
2020-01-03,MSFT,149.3742199369989,150.9121078685936,149.12890188419777,149.65725708007812,21116200
2020-01-06,AAPL,70.69305052995288,72.17769909168206,70.442799076604,72.13919830322266,118387200
2020-01-06,GOOGL,66.94447138154142,69.25696943800752,66.91327410590613,69.2317123413086,46768000
2020-01-06,MSFT,148.20425429255158,150.11011896901007,147.66645502184625,150.0440673828125,20813700
2020-01-07,AAPL,72.148820106767,72.40388138645835,71.58095004051803,71.79991912841797,108872000
2020-01-07,GOOGL,69.36297232708252,69.51354001246602,68.92216715791305,69.09799194335938,34330000
2020-01-07,MSFT,150.31775905585243,150.6479739507231,148.4307674396651,148.6760711669922,21634100
2020-01-08,AAPL,71.50396043802937,73.25570609117467,71.50396043802937,72.95492553710938,132079200
2020-01-08,GOOGL,69.08362827610843,69.92710360538418,68.9751633101045,69.58981323242188,35314000
2020-01-08,MSFT,149.94974637838766,151.71409291161044,149.02512473635332,151.04420471191406,27746500
2020-01-09,AAPL,73.9294436077337,74.69703608624071,73.67919950094557,74.5045394897461,170108400
2020-01-09,GOOGL,70.4263367380851,70.76065695432445,69.84586186029246,70.32035064697266,33200000
2020-01-09,MSFT,152.6953089852153,153.05384188381842,151.93107993006555,152.93118286132812,21385000
2020-01-10,AAPL,74.73793929040194,75.2360335553344,74.17247048793807,74.67296600341797,140644800
2020-01-10,GOOGL,70.79980079044779,71.07072135488387,70.31095271552078,70.7745361328125,26258000
2020-01-10,MSFT,153.61997098497042,153.9973634920825,152.07262427464744,152.2235870361328,20725900
2020-01-13,AAPL,74.98821677713917,76.29480594647003,74.87030578803139,76.2683334350586,121532000
2020-01-13,GOOGL,71.08606938019891,71.3946337502019,70.59673007741598,71.32282257080078,30730000
2020-01-13,MSFT,152.61986801825498,154.08228931660122,152.1481201411499,154.05398559570312,21626500
2020-01-14,AAPL,76.20577178499948,76.41511389677406,75.11574324109229,75.23845672607422,161954400
2020-01-14,GOOGL,71.32133264146023,71.45159337277671,70.71559303390933,70.85527038574219,26076000
2020-01-14,MSFT,154.15771689928422,154.35585727301714,152.58208126728542,152.9689178466797,23477400
2020-01-15,AAPL,75.0387288028542,75.91700649010697,74.48528821645434,74.91600799560547,121923600
2020-01-15,GOOGL,70.97561465970341,71.35995783382089,70.90825484550432,71.28170013427734,21550000
2020-01-15,MSFT,153.4313003553069,154.67672186751062,153.38413707706698,153.95965576171875,21417900
2020-01-16,AAPL,75.45740996278018,75.96513130059404,75.09647333767747,75.85443878173828,108829200
2020-01-16,GOOGL,71.59125490803231,71.85128510444423,71.32132441350373,71.82453918457031,26080000
2020-01-16,MSFT,155.06353066383713,156.84673703698928,154.76160511659748,156.7806854248047,23865400
2020-01-17,AAPL,76.10231043781653,76.69665326580963,75.79671995649237,76.69425201416016,137816400
2020-01-17,GOOGL,72.43770540506222,73.32971477239424,72.14102896920704,73.27870178222656,52424000
2020-01-17,MSFT,157.96005323691986,158.0072309026949,156.08249155325078,157.65814208984375,34371700
2020-01-21,AAPL,76.32365494902595,76.76399437532534,76.0373113220916,76.17446899414062,110843200
2020-01-21,GOOGL,73.25293561017098,73.79181409023742,72.81757947695674,73.41390991210938,48930000
2020-01-21,MSFT,157.2617869623643,158.6864740544421,157.02591314146088,157.0919647216797,29517200
2020-01-22,AAPL,76.65813158547017,76.99741293025565,76.35254118737379,76.4463882446289,101832400
2020-01-22,GOOGL,73.78439326618513,74.32177542497652,73.43422499704555,73.49414825439453,28458000
2020-01-22,MSFT,157.94114347591156,158.0260690136895,156.31833003814165,156.3372039794922,24138800
2020-01-23,AAPL,76.49932724037184,76.89394751401544,75.95310504727735,76.81454467773438,104472000
2020-01-23,GOOGL,73.6764169178253,73.97111327468183,73.31832086517792,73.53475952148438,26650000
2020-01-23,MSFT,156.799539537116,157.37507244171542,155.93152529350064,157.29959106445312,19680800
2020-01-24,AAPL,77.05996684733118,77.80108679471296,76.40305956833261,76.59315490722656,146537600
2020-01-24,GOOGL,73.93743690849286,74.00578676014383,72.4694039216118,72.61750030517578,29786000
2020-01-24,MSFT,158.04492786170331,158.06380180297066,155.15783390155633,155.71449279785156,24918100
2020-01-27,AAPL,74.60800908323662,75.01947479638015,73.36157631651781,74.3409194946289,161940000
2020-01-27,GOOGL,70.90231884282338,71.15194240324553,70.30598833544614,70.91172790527344,34132000
2020-01-27,MSFT,152.04434924158312,154.14835533565494,151.1480310706389,153.11050415039062,32078100
2020-01-28,AAPL,75.21919235562906,76.61481100227473,75.12053546591517,76.4439697265625,162234000
2020-01-28,GOOGL,71.40749477807309,72.05433937801753,70.84385801835984,71.84136962890625,29724000
2020-01-28,MSFT,154.52571391469783,156.39383124054007,153.85584007609117,156.1107940673828,24899900
2020-01-29,AAPL,78.07060855632155,78.8887302471814,77.33188970578509,78.04413604736328,216229200
2020-01-29,GOOGL,72.2356283657092,72.51695556905503,71.58829239250339,72.1484603881836,21566000
2020-01-29,MSFT,158.35630192364818,159.214886395841,156.32779209265254,158.5449981689453,34754500
2020-01-30,AAPL,77.12973907839535,77.98395267078313,76.6990193918119,77.93101501464844,126743200
2020-01-30,GOOGL,71.2272236271273,72.07663903462614,71.07368586337883,72.02711486816406,27110000
2020-01-30,MSFT,164.2154249334723,164.2154249334723,161.1396198225113,163.01718139648438,51597500
2020-01-31,AAPL,77.22359674590982,77.64468949943712,74.18210776179268,74.47566986083984,199588400
2020-01-31,GOOGL,72.70120227280468,72.7908491074276,70.68043021334437,70.96373748779297,43822000
2020-01-31,MSFT,162.47938348314258,162.65863555385778,159.99798545017555,160.6112518310547,36142700
2020-02-03,AAPL,73.22202218961303,75.43336162333348,72.72152653053286,74.27114868164062,173788400
2020-02-03,GOOGL,72.39362460503492,73.61451286401599,72.14400103298378,73.4312515258789,71636000
2020-02-03,MSFT,160.79995976933012,164.63999404803988,160.77165605102132,164.5267791748047,30107000
2020-02-04,AAPL,75.87127115182567,76.91317880860565,75.467023963902,76.72308349609375,136616400
2020-02-04,GOOGL,72.03900213330179,72.67544019107511,70.43129942671113,71.58927917480469,95880000
2020-02-04,MSFT,167.1308156372182,170.43305034843976,166.3477125352507,169.9424285888672,36433300
2020-02-05,AAPL,77.84681134417079,78.14519062464261,76.74716330264357,77.34872436523438,118826800
2020-02-05,GOOGL,72.49068626275275,72.5387291551903,70.81018261463366,71.62096405029297,36376000
2020-02-05,MSFT,173.63150495950617,173.7918974939306,168.3290639632825,169.73486328125,39186300
2020-02-06,AAPL,77.61820397472934,78.25585707985009,77.06236227335305,78.25344848632812,105425600
2020-02-06,GOOGL,71.91468022550302,73.37974302803424,71.84039019914903,73.10287475585938,37822000
2020-02-06,MSFT,170.7444028199159,173.4333710847966,169.88581835396727,173.2541046142578,27751400
2020-02-07,AAPL,77.75416230016674,78.00259327534266,76.7001395476174,77.18976593017578,117684000
2020-02-07,GOOGL,72.67792499698265,73.56250542339373,72.57985912931318,73.2583999633789,28360000
2020-02-07,MSFT,172.51817581999805,175.1410924302092,172.1690726591165,173.49940490722656,33529100
2020-02-10,AAPL,75.7787945932457,77.55640411376953,75.69920332307832,77.55640411376953,109348800
2020-02-10,GOOGL,73.16529488134536,74.7328751213042,73.06475015582377,74.72197723388672,38302000
2020-02-10,MSFT,173.20690531169305,178.16968645015277,172.89555006965108,178.03759765625,35844300
2020-02-11,AAPL,78.05087616110221,78.12323187691563,76.8714264684187,77.0885009765625,94323200
2020-02-11,GOOGL,74.95029224248354,75.77296925292642,74.56297896523482,74.79130554199219,34852000
2020-02-11,MSFT,179.87742525250712,179.924602910482,173.1314376634959,174.01832580566406,53159900
2020-02-12,AAPL,77.53712876134894,78.92400308456664,77.53712876134894,78.91918182373047,113730400
2020-02-12,GOOGL,75.07857604388263,75.29848359745186,74.72246758542563,75.21577453613281,31042000
2020-02-12,MSFT,175.09392315032483,175.34867100497553,171.57468843308777,174.27308654785156,47062900
2020-02-13,AAPL,78.19317418101016,78.68280077942906,77.99057083277162,78.35718536376953,94747600
2020-02-13,GOOGL,74.78834088363026,75.57832429425112,74.49116564520651,74.95624542236328,22914000
2020-02-13,MSFT,172.7351525724815,175.70715754773664,172.53701218905192,173.32955932617188,35295800
2020-02-14,AAPL,78.32581612373606,78.62490351773702,77.86996050397198,78.37647247314453,80113600
2020-02-14,GOOGL,75.01269876371568,75.2860981379491,74.56792598694696,75.22071838378906,23198000
2020-02-14,MSFT,172.8955458332517,174.93349951490094,172.32944278948298,174.87689208984375,23149500
2020-02-18,AAPL,76.0634053664393,77.12225708916644,75.88250875090567,76.94136047363281,152531200
2020-02-18,GOOGL,75.00328863329595,75.80664112300143,74.83835420554657,75.2558822631836,25642000
2020-02-18,MSFT,175.12222224761544,177.09412463421762,175.01843715376268,176.6506805419922,27792200
2020-02-19,AAPL,77.1825679577684,78.28483327298406,77.1825679577684,78.05569458007812,93984000
2020-02-19,GOOGL,75.640228763457,75.81556229042059,75.33216322209424,75.52482604980469,22746000
2020-02-19,MSFT,177.91841645341376,178.0319405494964,176.41416443662806,177.18048095703125,29997500
2020-02-20,AAPL,77.81691831957885,78.30413066097421,76.75083079308737,77.25492858886719,100566000
2020-02-20,GOOGL,75.23459792943929,75.63379916691278,74.50404651484665,75.13455200195312,25962000
2020-02-20,MSFT,176.86829430160537,177.15211900829618,171.33377748279395,174.4747314453125,36862400
2020-02-21,AAPL,76.84970141309908,77.29109325633112,74.89119532498566,75.50624084472656,129554000
2020-02-21,GOOGL,74.51986918886716,74.83537122189799,73.22766893223293,73.47382354736328,42520000
2020-02-21,MSFT,173.292105145175,173.60431081519135,167.69135744955133,168.95909118652344,48572600
2020-02-24,AAPL,71.69777437412706,73.36684305832843,69.76097486599113,71.91967010498047,222195200
2020-02-24,GOOGL,70.48181106187245,71.14203248501451,69.67647847176895,70.32381439208984,49560000
2020-02-24,MSFT,158.72261999532847,165.1369917090435,154.42744187826224,161.6743621826172,68311100
2020-02-25,AAPL,72.58779705787798,72.96888275320897,69.0132775682206,69.48360443115234,230673600
2020-02-25,GOOGL,70.87558735418287,71.16532607680631,68.37042585608846,68.66264343261719,51580000
2020-02-25,MSFT,164.80585480979238,165.41134073594938,158.60907598738845,159.00643920898438,68073300
2020-02-26,AAPL,69.10975340191128,71.8473240795573,69.10251783059799,70.58586883544922,198054800
2020-02-26,GOOGL,69.0915481294338,70.0172411870808,68.17873301777479,68.86817169189453,49776000
2020-02-26,MSFT,160.5579939912632,163.9165403125389,159.13888503210237,160.99317932128906,56206100
2020-02-27,AAPL,67.80006024068396,68.98191678336323,65.83672522986622,65.97179412841797,320605600
2020-02-27,GOOGL,67.31643824425866,67.82460319145274,65.09259688693432,65.12776184082031,62290000
2020-02-27,MSFT,154.51257654493847,158.0224976383526,149.4605381321256,149.64974975585938,93174900
2020-02-28,AAPL,62.04992671791035,67.15120760706495,61.83525929344852,65.93316650390625,426510000
2020-02-28,GOOGL,63.114925882585645,66.48980964727754,62.81280047052396,66.3313217163086,80198000
2020-02-28,MSFT,144.1909495095758,154.88157433959893,143.8030562222492,153.2732391357422,97012700
2020-03-02,AAPL,68.08467075383604,72.70597777742344,66.98481977694166,72.0716323852539,341397200
2020-03-02,GOOGL,66.93260745873248,68.7195966125872,65.63544890553811,68.66264343261719,55430000
2020-03-02,MSFT,156.39524445408497,163.59485683887016,153.5570269216217,163.47186279296875,71030800
2020-03-03,AAPL,73.24382523248129,73.32341649193845,68.93365637610123,69.78266906738281,319475600
2020-03-03,GOOGL,69.22527312469211,69.74581720018458,65.83552438581239,66.25553131103516,56602000
2020-03-03,MSFT,164.42743581821443,165.56272015494935,153.50974893073658,155.63841247558594,71677000
2020-03-04,AAPL,71.49999490851802,73.17871353455695,70.70163838902825,73.01952362060547,219178400
2020-03-04,GOOGL,67.30751483968164,68.48729025367727,66.21986509779941,68.42884826660156,47598000
2020-03-04,MSFT,159.40382954505776,161.49464258865754,156.6885904813183,161.3527374267578,49814400
2020-03-05,AAPL,71.27808809920204,72.25010562325896,70.28677817477744,70.65098571777344,187572800
2020-03-05,GOOGL,66.64334873048489,67.04354757939618,64.46854753787427,65.11836242675781,54380000
2020-03-05,MSFT,157.09539066203848,161.65545403204987,156.75480387804353,157.30352783203125,47817300
2020-03-06,AAPL,68.01711900672953,70.14446470818916,67.83140115432955,69.71272277832031,226176800
2020-03-06,GOOGL,62.89897653210701,64.52351357609537,62.26797984013897,64.17632293701172,64640000
2020-03-06,MSFT,153.8408886668746,154.3139250363766,147.5873472846213,152.8569793701172,72821100
2020-03-09,AAPL,63.61531637779285,67.07405914136177,63.43441974354321,64.19901275634766,286744800
2020-03-09,GOOGL,59.68010341713156,62.0460896268234,59.33736414820625,60.21649932861328,69252000
2020-03-09,MSFT,142.8569333986558,149.24292214329768,141.91086099204216,142.49742126464844,70419300
2020-03-10,AAPL,66.8449246964159,69.08803991197644,64.9708309423438,68.82272338867188,285290000
2020-03-10,GOOGL,62.12831234058165,63.19119639111918,60.15310436503852,63.15751647949219,54872000
2020-03-10,MSFT,149.63086415534653,152.3460882294673,144.35177667029004,152.2420196533203,65354400
2020-03-11,AAPL,66.90521300673807,67.82898839120944,65.5713950302336,66.43246459960938,255598800
2020-03-11,GOOGL,61.8251953533516,62.254112587999046,58.99561806309424,59.97430419921875,54732000
2020-03-11,MSFT,148.65643947798705,149.1956935246007,142.99891313901838,145.34518432617188,56371600
2020-03-12,AAPL,61.73158653140695,65.1227952039098,59.81649337248013,59.87196731567383,418474000
2020-03-12,GOOGL,55.601910852958376,58.877243337501,54.90107928007686,55.05362701416016,94326000
2020-03-12,MSFT,137.4643820960806,145.19379521674048,131.10677166189632,131.56088256835938,93226400
2020-03-13,AAPL,63.89026420635652,67.51543140756253,61.01038635778413,67.04509735107422,370732000
2020-03-13,GOOGL,58.19572822214744,60.14765525099708,55.09027657672097,60.14121627807617,79400000
2020-03-13,MSFT,139.54574792995697,153.17866141268556,133.1408305761294,150.26475524902344,92727400
2020-03-16,AAPL,58.35724684046864,62.4889229945198,57.88691638094368,58.419960021972656,322423600
2020-03-16,GOOGL,53.96696805351432,56.73364061109453,52.851087217946215,53.1442985534668,96520000
2020-03-16,MSFT,132.45020301671514,141.29599020684492,127.71983862326104,128.1171875,87905900
2020-03-17,AAPL,59.69829959615255,62.13437204877519,57.50100834396888,60.98869705200195,324056000
2020-03-17,GOOGL,54.01798135684941,55.7693139034493,51.96055954822128,55.37605667114258,83194000
2020-03-17,MSFT,132.4501447695368,139.54568823933343,127.71978245633906,138.6658477783203,81059800
2020-03-18,AAPL,57.83144573834236,60.298874658885616,57.19227545874743,59.49569320678711,300233600
2020-03-18,GOOGL,52.49745508226621,54.72872179173103,51.361263491706886,54.04522705078125,93044000
2020-03-18,MSFT,130.55802937295286,138.12661078587766,127.73873683869692,132.82859802246094,81593200
2020-03-19,AAPL,59.66934960367585,60.98386423258545,58.51643550459872,59.03982925415039,271857200
2020-03-19,GOOGL,53.89812168289887,57.08727618463089,52.28001988640102,55.0595703125,74064000
2020-03-19,MSFT,135.0708001368095,142.05280667661373,131.5041021024752,135.0140380859375,85922700
2020-03-20,AAPL,59.6187005747609,60.74026183260014,54.99257275597992,55.29165649414063,401693200
2020-03-20,GOOGL,56.01200787184548,56.38743703917159,52.604434498464734,52.90705490112305,82878000
2020-03-20,MSFT,138.1266398337142,139.1673257712155,128.53346145283714,129.943115234375,84866200
2020-03-23,AAPL,55.01187574325441,55.11317742203784,51.28058067981566,54.11703872680664,336752800
2020-03-23,GOOGL,52.3206338995169,52.84266682638915,49.968020624039184,52.20969009399414,83672000
2020-03-23,MSFT,129.62142646533584,132.9894576902478,125.3735689196874,128.64697265625,78975200
2020-03-24,AAPL,57.00896347667582,59.74170869121859,56.512101379550025,59.54634094238281,287531200
2020-03-24,GOOGL,54.67869553610549,56.13236167218039,53.80946443254948,55.96792602539063,72468000
2020-03-24,MSFT,135.9979828444054,141.532515224966,133.65172603461022,140.3404541015625,82516700
2020-03-25,AAPL,60.479778138969706,62.288744583804295,58.92406773248229,59.21832656860352,303602000
2020-03-25,GOOGL,55.69898345564313,56.76830635581519,53.64007662230573,54.561805725097656,90324000
2020-03-25,MSFT,140.8796683507842,146.00737989282055,136.650722853414,138.99697875976562,75638200
2020-03-26,AAPL,59.45951071644022,62.39244495401999,59.42091855638433,62.33456039428711,252087200
2020-03-26,GOOGL,55.210636119800014,58.02188655429654,54.08683123419366,57.59791946411133,76562000
2020-03-26,MSFT,140.39716505007598,148.21173379721907,140.36878402755934,147.69139099121094,64568100
2020-03-27,AAPL,60.962160830090674,61.71468959022156,59.58734725663957,59.7537727355957,204216800
2020-03-27,GOOGL,55.84212003077031,57.01000753590347,54.67968146820773,54.98973083496094,62794000
2020-03-27,MSFT,143.56652704755473,146.53719464098646,141.1540388623716,141.6270751953125,57042300
2020-03-30,AAPL,60.47735878660068,61.630272940074015,60.15415403133552,61.459022521972656,167976400
2020-03-30,GOOGL,56.098186132299865,57.00753232896718,54.406780592106486,56.77524185180664,58736000
2020-03-30,MSFT,144.21931847637944,151.93927483997578,141.92035440787237,151.58921813964844,63420300
2020-03-31,AAPL,61.64956443734396,63.31139742053906,60.78125926146835,61.333595275878906,197002000
2020-03-31,GOOGL,56.89510085591972,58.11697145742104,56.30025920761127,57.54986953735352,65228000
2020-03-31,MSFT,150.80397455281383,155.89385002651397,148.11713169291087,149.2051239013672,77927200
2020-04-01,AAPL,59.45468518637688,59.990139440698485,57.6770756954336,58.10640335083008,176218400
2020-04-01,GOOGL,55.67025863980762,55.93870409870114,54.15913678824335,54.58557891845703,51970000
2020-04-01,MSFT,144.74912388108316,149.24296923033248,142.68669231319743,143.90711975097656,57969900
2020-04-02,AAPL,57.968932689740605,59.12908259803941,57.13921947921833,59.076019287109375,165934000
2020-04-02,GOOGL,54.48157130703519,55.60934004470026,54.14131088320753,55.32504653930664,56410000
2020-04-02,MSFT,143.6705663958808,147.0953441302831,142.25145768570258,146.88720703125,49630700
2020-04-03,AAPL,58.56225508385467,59.26172040581901,57.63847608310218,58.226993560791016,129880000
2020-04-03,GOOGL,55.21013519780888,55.41221086454149,53.24731416865136,54.1200065612793,51374000
2020-04-03,MSFT,146.7358945291396,148.89293932114418,143.98281926389615,145.5343780517578,41243300
2020-04-06,AAPL,60.51594604650854,63.46094087352592,60.14933155714907,63.30657958984375,201820400
2020-04-06,GOOGL,56.11602340118259,58.97630304732489,55.71979225586698,58.60186767578125,63320000
2020-04-06,MSFT,151.67435061344497,157.521071752868,149.08210675823807,156.35740661621094,67111700
2020-04-07,AAPL,65.31573677087265,65.53281860383495,62.46963288857008,62.57334518432617,202887200
2020-04-07,GOOGL,60.27691932785058,60.4636457550222,58.30765931147763,58.57065582275391,61620000
2020-04-07,MSFT,160.44443456648847,160.83232776277265,154.45579380630528,154.67340087890625,62769000
2020-04-08,AAPL,63.371695937944736,64.48843215066613,63.00749578061629,64.17488098144531,168895200
2020-04-08,GOOGL,59.58797774612607,60.17241655713172,58.6395026879109,59.7811393737793,40334000
2020-04-08,MSFT,156.735863755087,157.68193646280352,154.68288771165297,156.22499084472656,48318200
2020-04-09,AAPL,64.80923169926753,65.13966834587349,63.84444973045493,64.63797760009766,161834800
2020-04-09,GOOGL,60.33487166294358,60.5235743759765,59.059010366258434,59.75984191894531,54028000
2020-04-09,MSFT,157.38866118857393,158.34418945652004,154.52206194881128,156.2344512939453,51385100
2020-04-13,AAPL,64.71515578008704,66.0152028927721,64.11698836636067,65.90666198730469,131022800
2020-04-13,GOOGL,59.50873494414131,60.1535995978349,58.55926983766794,59.95003509521485,38702000
2020-04-13,MSFT,155.4870697024385,156.6412796677308,153.5476175846326,156.58450317382812,41905300
2020-04-14,AAPL,67.53473560751405,69.5245983530926,67.06440146882377,69.23516082763672,194994800
2020-04-14,GOOGL,61.41410381655945,63.18623839971038,60.84798810738659,62.66519927978516,63358000
2020-04-14,MSFT,159.8862710690104,164.38011596592045,158.9401984591346,164.3328094482422,52874300
2020-04-15,AAPL,68.11359919874643,69.06149562848323,67.68668586705697,68.60322570800781,131154400
2020-04-15,GOOGL,61.73802596320406,63.15454721496572,61.11842214164486,62.27244186401367,42236000
2020-04-15,MSFT,161.9676706393669,164.20987313253696,160.11337591909282,162.6110076904297,40940800
2020-04-16,AAPL,69.3147638013278,69.51254587742164,68.10155073366812,69.1483383178711,157125200
2020-04-16,GOOGL,62.75980131332511,63.06787067267617,61.326441990306215,62.27887725830078,57896000
2020-04-16,MSFT,164.9004612886677,167.7197536667839,163.57595095320664,167.49269104003906,50479600
2020-04-17,AAPL,68.66596906742339,69.21107342418921,66.77740358680289,68.2101058959961,215250000
2020-04-17,GOOGL,63.48092811623162,63.89201719578416,62.70332774802166,63.34720230102539,51050000
2020-04-17,MSFT,169.82001109807743,170.29304734069046,166.38576335721228,168.9685516357422,52765600
2020-04-20,AAPL,67.04028220194732,67.93993657233999,66.77496571925322,66.79425811767578,130015200
2020-04-20,GOOGL,62.89600062078531,63.239234907850815,62.22983899521584,62.46311950683594,35292000
2020-04-20,MSFT,167.1048327083939,169.11050229797053,165.5532739920201,165.61949157714844,36669600
2020-04-21,AAPL,66.6374709301005,66.87143078398917,64.02049912791077,64.7296142578125,180991600
2020-04-21,GOOGL,61.54981463207229,61.910877022844375,59.68208545002198,60.036712646484375,49648000
2020-04-21,MSFT,164.1436140033889,164.30444463062025,157.152137304255,158.76992797851562,56203700
2020-04-22,AAPL,65.99348871174,67.02821933430408,65.65340957801277,66.59407043457031,116862400
2020-04-22,GOOGL,61.47056349832592,63.39079060980057,61.27690686006999,62.32741165161133,46296000
2020-04-22,MSFT,162.1473971791377,164.6166474686037,161.60814325445529,164.16253662109375,34620200
2020-04-23,AAPL,66.53857891520222,67.9568091535092,66.29738349673369,66.33597564697266,124814400
2020-04-23,GOOGL,62.69045588241704,63.800396504836506,62.43241328855193,62.95939636230469,34202000
2020-04-23,MSFT,164.72073463272773,165.61950089925315,161.69330458109863,162.17579650878906,32790800
2020-04-24,AAPL,66.85940309058712,68.26074851489837,66.81116104086111,68.2510986328125,126161200
2020-04-24,GOOGL,62.15851466641391,63.28331321806777,61.613699755763,63.22833633422852,37402000
2020-04-24,MSFT,162.78123709553486,165.1464184189872,161.50404784242332,165.136962890625,34277600
2020-04-27,AAPL,67.96890283834492,68.62978364860732,67.52269696076952,68.29934692382812,117087600
2020-04-27,GOOGL,63.99107424719324,64.09508783494022,62.65677104505137,62.94403839111328,44186000
2020-04-27,MSFT,167.06694302248667,167.3602231942558,163.95437078013265,164.66392517089844,33194400
2020-04-28,AAPL,68.76000857373481,68.94090519524222,67.10058974876348,67.1922378540039,112004800
2020-04-28,GOOGL,63.55522594150271,63.6324860513774,60.93911760496872,61.04857635498047,80700000
2020-04-28,MSFT,166.12085487529922,166.19654240217187,160.25520868390518,160.65255737304688,34392700
2020-04-29,AAPL,68.67560621679193,69.86711272922732,68.47300285396169,69.3991928100586,137280800
2020-04-29,GOOGL,66.61610258783683,67.36646210279096,65.7112152796946,66.47643280029297,108358000
2020-04-29,MSFT,163.8787209318409,168.09819726179364,162.61098692676447,167.86167907714844,51286600
2020-04-30,AAPL,69.93703810047037,71.03930319142114,69.54871691757756,70.86322784423828,183064000
2020-04-30,GOOGL,65.94052598518793,66.86374009954754,65.45216923000982,66.7002944946289,55842000
2020-04-30,MSFT,170.2930911771575,170.6715144942926,166.72639294766603,169.5457000732422,53875900
2020-05-01,AAPL,69.04221610297073,72.11745891629081,68.94573936920324,69.7223892211914,240616800
2020-05-01,GOOGL,65.58045798829897,66.93457706750878,64.86576219710645,65.24514770507812,48872000
2020-05-01,MSFT,166.31959502467402,169.0064382134677,164.62611669069204,165.1559295654297,39370500
2020-05-04,AAPL,69.746494769706,70.8366956047244,69.05908623299008,70.7088623046875,133568000
2020-05-04,GOOGL,64.78997351696128,65.5992737230438,64.18968295265657,65.5215072631836,30806000
2020-05-04,MSFT,165.08024036692368,169.34702329891886,164.4274478556324,169.19564819335938,30372900
2020-05-05,AAPL,71.16715277417963,72.5998548168976,71.02243398346705,71.7701416015625,147751200
2020-05-05,GOOGL,66.24464133439702,67.90434717096521,66.12230839853984,66.8152084350586,39666000
2020-05-05,MSFT,170.8796353689669,173.74623430912706,170.198461914283,171.0120849609375,36839200
2020-05-06,AAPL,72.4695983843977,73.14012158473827,72.0860984199546,72.51060485839844,142333600
2020-05-06,GOOGL,67.25996769204086,67.78942954968366,66.62253213317703,66.63739013671875,31732000
2020-05-06,MSFT,172.26092059498853,174.26659011866553,171.83519076310364,172.69610595703125,32139300
2020-05-07,AAPL,73.13530028833947,73.6056344607325,72.83380591134457,73.2607192993164,115215200
2020-05-07,GOOGL,67.42391462370928,68.15149590002073,66.98954845815923,67.81865692138672,30652000
2020-05-07,MSFT,174.2382439134073,174.59775623418733,172.73399147002792,173.69898986816406,28316000
2020-05-08,AAPL,73.91856598501353,75.05767015159822,73.59206909173967,75.00446319580078,133838400
2020-05-08,GOOGL,68.43974816296604,69.17376079965929,67.95387024993067,68.56455993652344,33326000
2020-05-08,MSFT,175.0045278283873,175.02345332485953,173.47189464038965,174.720703125,30877800
2020-05-11,AAPL,74.51349610684939,76.67803493373073,74.30550263769149,76.1846694946289,145946400
2020-05-11,GOOGL,68.19061699528928,70.10935526187536,68.12672606272221,69.51798248291016,32718000
2020-05-11,MSFT,173.27320482134522,177.39808226581636,172.98939456730636,176.66961669921875,30892700
2020-05-12,AAPL,76.86668877782286,77.31653072784458,75.19310165522488,75.31402587890625,162301200
2020-05-12,GOOGL,69.74730660582867,70.049923203942,68.07769309780234,68.11087799072266,33918000
2020-05-12,MSFT,176.7263689902823,176.9534171809746,172.46904218373015,172.66770935058594,32038200
2020-05-13,AAPL,75.49297320787404,76.41200151515211,73.33084801811279,74.40465545654297,200622400
2020-05-13,GOOGL,68.15940704714981,68.61358886479172,65.7745991923848,66.78102111816406,40368000
2020-05-13,MSFT,172.7055862202919,174.12469536846862,167.01967966093866,170.05657958984375,44711500
2020-05-14,AAPL,73.64525071591287,74.92220983518885,72.92453990449086,74.86174774169922,158929200
2020-05-14,GOOGL,66.04750692572512,67.22876356451577,65.54132209784005,67.20350646972656,36660000
2020-05-14,MSFT,167.96576221598298,170.94590026240112,166.20606619224603,170.79452514648438,41873900
2020-05-15,AAPL,72.63917339112623,74.46512598393333,72.60531107010586,74.41917419433594,166348400
2020-05-15,GOOGL,66.77756502722245,68.08115468837015,66.31892426099792,68.00587463378906,41544000
2020-05-15,MSFT,169.40376544975464,176.9723466073332,167.4548581114258,173.2826690673828,46610400
2020-05-18,AAPL,75.73965837102512,76.54501020724649,75.05038903047435,76.17256164550781,135178400
2020-05-18,GOOGL,67.43728547588707,68.98158837081048,67.07176042797272,68.60616302490234,47094000
2020-05-18,MSFT,175.73300632962054,176.15873616301894,174.03954252621836,174.9383087158203,35264500
2020-05-19,AAPL,76.18948854925284,77.03353696378241,75.70095751911882,75.7323989868164,101729600
2020-05-19,GOOGL,68.62102923990405,68.96821988437291,68.04055429387958,68.07225036621094,31586000
2020-05-19,MSFT,175.05180600072785,176.53714686086957,173.59486059865768,173.72731018066406,26799100
2020-05-20,AAPL,76.58855099973772,77.27539958314759,76.54985436932522,77.20526885986328,111504800
2020-05-20,GOOGL,68.80328741306404,69.93601002438653,68.71710947231831,69.79386138916016,38262000
2020-05-20,MSFT,175.3306623912089,176.31732647585,174.50529134965993,176.13706970214844,31261300
2020-05-21,AAPL,77.06741421541801,77.6067388197399,76.39265509370519,76.62966918945312,102688800
2020-05-21,GOOGL,69.88450685474919,70.1554274195608,69.06232853947765,69.67450714111328,30894000
2020-05-21,MSFT,175.8903475732712,177.09521003420213,173.8885743642507,174.02139282226562,29119500
2020-05-22,AAPL,76.3684660434856,77.20526681531915,76.26689384939174,77.12303924560547,81803200
2020-05-22,GOOGL,69.53333269254743,70.18215736997556,69.13958048504284,69.99593353271484,28544000
2020-05-22,MSFT,173.79374166252967,174.99860432695908,173.17707305777867,174.09732055664062,20826900
2020-05-26,AAPL,78.23796578857532,78.416931261963,76.54502680706055,76.60065460205078,125522000
2020-05-26,GOOGL,71.41840412552945,71.57442074037448,70.30103828130237,70.39860534667969,44590000
2020-05-26,MSFT,176.782176165125,176.93397286008036,171.8109574524387,172.25685119628906,36073600
2020-05-27,AAPL,76.45794538565892,77.07949007225308,75.72030344662004,76.93437957763672,112945200
2020-05-27,GOOGL,70.33075177587496,70.59573212629044,69.07272616094963,70.34461975097656,31684000
2020-05-27,MSFT,170.9571228863452,172.65531775851107,167.54178388715303,172.4845428466797,39517100
2020-05-28,AAPL,76.610323390573,78.22345564249268,76.33462002234297,76.96826171875,133560800
2020-05-28,GOOGL,69.34018521335773,71.54223095770017,69.2946211638657,70.24359130859375,35170000
2020-05-28,MSFT,171.4694145313809,174.7044964020531,171.1278792209249,172.09555053710938,33810200
2020-05-29,AAPL,77.21011616097432,77.6696267309123,76.53777777827462,76.89329528808594,153532400
2020-05-29,GOOGL,70.35206309226568,71.15938345967291,70.1316642692044,71.00039672851562,37044000
2020-05-29,MSFT,173.35729981066802,174.8183173188777,171.15630616184887,173.8506317138672,42130400
2020-06-01,AAPL,76.84731793304262,77.9598218875062,76.71671774944491,77.83889770507812,80791200
2020-06-01,GOOGL,70.61306359347097,71.39957799489409,70.44367025821428,71.0672378540039,25162000
2020-06-01,MSFT,173.1770609318364,173.61347275196593,172.15246956934172,173.4521942138672,22622400
2020-06-02,AAPL,77.57287045767401,78.22344321190015,77.13270462012565,78.19925689697266,87642800
2020-06-02,GOOGL,71.07368902861234,71.46992016535502,70.41049745634162,71.43574523925781,23442000
2020-06-02,MSFT,174.79937137437696,175.51090205839748,172.04812518661575,175.42552185058594,30794600
2020-06-03,AAPL,78.51849729325161,78.89094587146293,77.94773126866299,78.62974548339844,104491200
2020-06-03,GOOGL,71.4550542991904,71.76757874931127,70.90627548214987,71.2841796875,27732000
2020-06-03,MSFT,175.34016697155286,176.40271498081944,174.16376419262852,175.8524627685547,27311000
2020-06-04,AAPL,78.45318827090249,78.7506570120071,77.58011190648487,77.95256042480469,87560400
2020-06-04,GOOGL,71.16182928035252,71.38669449427832,69.63783352015248,70.04842376708984,26982000
2020-06-04,MSFT,174.84683418975823,176.3078376965145,172.949418766052,173.53761291503906,28761800
2020-06-05,AAPL,78.20168176339025,80.23320685109042,78.172661136236,80.17274475097656,137250400
2020-06-05,GOOGL,70.1148075544808,71.63336223365884,69.71758640754899,71.32231903076172,42642000
2020-06-05,MSFT,173.25298548634973,178.10088213103182,172.6742732438919,177.5980682373047,39893600
2020-06-08,AAPL,79.87043535299438,80.68062898183005,79.16182130122834,80.64676666259766,95654400
2020-06-08,GOOGL,70.64180141994083,71.76708756566157,70.55264582472356,71.71954345703125,33878000
2020-06-08,MSFT,176.40270704913542,178.8788346549259,174.97964553951172,178.69857788085938,33211600
2020-06-09,AAPL,80.32751569552633,83.58520593263562,80.29607422866282,83.19341278076172,147712400
2020-06-09,GOOGL,71.58086036140007,72.69822621574482,71.43821292718843,71.91963195800781,33624000
2020-06-09,MSFT,178.35702076730806,180.91852827671923,177.65497196351984,180.064697265625,29783900
2020-06-10,AAPL,84.13905436012791,85.800551637391,83.70130935970825,85.33378601074219,166651600
2020-06-10,GOOGL,72.38669630726893,72.9443854607301,72.03256788922275,72.54469299316406,31762000
2020-06-10,MSFT,181.32649410229297,188.33744291467136,181.2126393428319,186.7436065673828,43872300
2020-06-11,AAPL,84.48004955731804,84.9032841848941,81.13529000514959,81.23686218261719,201662400
2020-06-11,GOOGL,71.37232765385497,71.89584930079128,69.26141811908812,69.43427276611328,47144000
2020-06-11,MSFT,183.2238936451731,185.7189846562895,176.52602066269233,176.71575927734375,52854700
2020-06-12,AAPL,83.36998591557237,84.11487578630992,80.83057755802524,81.93824005126953,200146000
2020-06-12,GOOGL,70.6209918779244,71.04941785617385,68.63687377649948,69.98009490966797,36676000
2020-06-12,MSFT,180.7667674451725,181.88625011237096,175.68169335061015,178.1103973388672,43373600
2020-06-15,AAPL,80.5959604702638,83.60213360857718,80.43391883264572,82.9515609741211,138808800
2020-06-15,GOOGL,68.81962193282973,70.57838317351097,68.7061992981382,70.36739349365234,30468000
2020-06-15,MSFT,175.11244424815027,181.0323846706777,174.5716739870542,179.24880981445312,32770200
2020-06-16,AAPL,85.00004904742227,85.42087034388683,83.36999295446795,85.14999389648438,165428800
2020-06-16,GOOGL,71.76708004899045,72.17173017484788,70.77601485737686,71.64177703857422,30648000
2020-06-16,MSFT,182.99621344964388,185.5482392804556,181.63956849263877,183.64134216308597,42556700
2020-06-17,AAPL,85.89246631024803,85.95292841624997,84.91056229922657,85.03148651123047,114406400
2020-06-17,GOOGL,71.96223667280438,72.42086992194581,71.0801275728507,71.94242095947266,30610000
2020-06-17,MSFT,185.02645020652403,186.2502911709753,183.75518544089064,184.2769775390625,25687800
2020-06-18,AAPL,84.98794487746599,85.48131766696713,84.45829630505166,85.06533813476562,96820400
2020-06-18,GOOGL,71.80917570399784,71.96370347251212,70.63979945564921,71.03009033203125,34862000
2020-06-18,MSFT,184.04925109754151,186.4115379338591,184.04925109754151,186.2502593994141,23061600
2020-06-19,AAPL,85.7691132840755,86.2334580419222,83.47396713214061,84.57921600341797,264476000
2020-06-19,GOOGL,71.32131293872739,71.54419053016527,70.28120743537964,70.56055450439453,52784000
2020-06-19,MSFT,188.40383036169425,189.06792275669048,184.4002833111231,185.1402740478516,44441100
2020-06-22,AAPL,84.97101145656654,86.93481917934642,84.92505967255737,86.79212951660156,135445200
2020-06-22,GOOGL,70.57889933770979,71.8636709690492,70.29064192851833,71.84930419921875,29442000
2020-06-22,MSFT,185.7474222252777,190.46249933268092,185.21614837815503,190.28225708007807,32818900
2020-06-23,AAPL,88.03283047977783,90.05952154919635,87.61443002953723,88.64470672607422,212155600
2020-06-23,GOOGL,71.91566513317868,73.06473450881036,71.5689657724206,72.50901794433594,37752000
2020-06-23,MSFT,191.72427295488757,193.48886927918585,191.09812260326936,191.5535125732422,30917400
2020-06-24,AAPL,88.27466483721669,89.19127232771852,86.70748456883423,87.0799331665039,192623200
2020-06-24,GOOGL,72.47434938272832,73.0939492987786,70.8260329822864,70.95976257324219,31592000
2020-06-24,MSFT,191.2594563290366,192.82481806531447,186.4779619589397,187.6923065185547,36740600
2020-06-25,AAPL,87.23472854623947,88.27467380594872,86.47774180640029,88.23597717285156,137522400
2020-06-25,GOOGL,70.88645432582972,71.43622313045614,70.30795954379751,71.37580108642578,23958000
2020-06-25,MSFT,187.65434572459228,190.32021147388468,185.44385552035675,190.0640563964844,27803900
2020-06-26,AAPL,88.13196647381191,88.35204937887517,85.37730996316603,85.52484130859375,205256800
2020-06-26,GOOGL,70.95630864483473,71.17373736157167,67.11139504691282,67.4848403930664,97640000
2020-06-26,MSFT,189.48536568805383,189.6371623789604,184.8841424944661,186.259765625,54675800
2020-06-29,AAPL,85.43293671398446,87.59022742215014,84.95649512979536,87.49590301513672,130646000
2020-06-29,GOOGL,67.3758782586516,69.24113253185516,66.9454721708946,69.20001983642578,45074000
2020-06-29,MSFT,185.7380001005058,188.3469463844017,183.6223858945179,188.26156616210935,26701600
2020-06-30,AAPL,87.08475563938902,88.51166689112543,87.06541101774955,88.22628021240234,140223200
2020-06-30,GOOGL,69.18566684525321,70.52888069707681,68.69285103691394,70.23418426513672,40286000
2020-06-30,MSFT,187.73025839792916,193.91582132538687,187.5974399173059,193.07147216796875,34310300
2020-07-01,AAPL,88.30367932080465,88.84541733018017,88.01104484759307,88.05941009521484,110737200
2020-07-01,GOOGL,70.28965219310696,71.74133833788005,70.04249991760268,71.4203872680664,42182000
2020-07-01,MSFT,192.72045793900065,195.7658156516249,191.4207331819274,194.200439453125,32061200
2020-07-02,AAPL,88.96392805520118,89.59756962987294,87.94574844202161,88.05941009521484,114041600
2020-07-02,GOOGL,71.90774911883543,73.7244614334021,71.86960651880207,72.80371856689453,57218000
2020-07-02,MSFT,195.13015257335093,197.35013913569628,194.4850384188444,195.68040466308597,29315800
2020-07-06,AAPL,89.48388335583479,90.88176642762797,89.45244189159348,90.41500091552734,118655600
2020-07-06,GOOGL,73.70612647763592,74.78832722194896,73.15288879441368,74.27570343017578,44712000
2020-07-06,MSFT,198.1185912644786,200.3006214350616,197.4165424949141,199.8926696777344,31897600
2020-07-07,AAPL,90.79229592909284,91.56862711706414,90.02321989687357,90.13446807861328,112424400
2020-07-07,GOOGL,74.10137465875029,75.34900117845778,73.78290246842123,73.7938003540039,42364000
2020-07-07,MSFT,199.65548237749695,203.65902902311808,197.32167012883755,197.56832885742188,33600700
2020-07-08,AAPL,91.10911026733616,92.2651450795296,91.02204102383104,92.23370361328124,117092000
2020-07-08,GOOGL,74.33267187185562,74.84628574672716,73.91167491016297,74.47135162353516,31766000
2020-07-08,MSFT,199.29500916856912,202.32137420232715,197.985788069965,201.91343688964844,33600000
2020-07-09,AAPL,93.12372124513384,93.17692818708905,91.58556900054664,92.63035583496094,125642800
2020-07-09,GOOGL,74.78488371215391,75.73633283733925,74.07464672191071,75.21726989746094,41836000
2020-07-09,MSFT,205.2339388954469,205.28137717576948,200.6232188850265,203.32704162597656,33121700
2020-07-10,AAPL,92.22645698371296,92.85042991453264,91.61700174534108,92.7923812866211,90257200
2020-07-10,GOOGL,74.94929749100821,76.34056139918596,74.32870752689304,76.22515869140625,35918000
2020-07-10,MSFT,202.66291938926605,203.09933126878065,200.25320837736183,202.7103576660156,26177600
2020-07-13,AAPL,94.09354111984942,96.695832354325,92.15149869689814,92.36432647705078,191649200
2020-07-13,GOOGL,76.76652158625085,78.07506910760813,74.6179676630631,74.89879608154297,42954000
2020-07-13,MSFT,203.47882674339445,204.7311278762513,195.908143227904,196.44891357421875,38135600
2020-07-14,AAPL,91.74760549870196,94.08386192882044,90.8164950630273,93.89280700683594,170989200
2020-07-14,GOOGL,73.93596619689104,75.42231872815077,73.59619694996657,75.32623291015625,38108000
2020-07-14,MSFT,195.55709135354584,198.13757704024243,191.66738461923936,197.6632232666016,37591800
2020-07-15,AAPL,95.7622883592816,96.01139191075474,93.34380441075506,94.53853607177734,153198000
2020-07-15,GOOGL,75.44359385108443,76.09241855269676,74.18556831114255,75.12908935546875,31026000
2020-07-15,MSFT,198.8111649907552,200.4903815184619,194.513520663541,197.3691253662109,32179400
2020-07-16,AAPL,93.413925503642,94.22895326500016,92.77786316008924,93.37522888183594,110577600
2020-07-16,GOOGL,74.36733265182488,75.0810458639117,73.71206898316635,75.03201293945312,26484000
2020-07-16,MSFT,194.8645323928501,195.14914756390348,191.93302942609668,193.46044921875,29940700
2020-07-17,AAPL,93.82509836770012,93.97987752001936,92.71500761457771,93.18661499023438,92186800
2020-07-17,GOOGL,75.13057171289171,75.45350280247234,74.19893856976338,75.12760162353516,34264000
2020-07-17,MSFT,193.9822576326965,194.52301347475,191.06023628416665,192.47381591796875,31635300
2020-07-20,AAPL,93.27367496235873,95.2882688714802,92.9302469895083,95.1504135131836,90318000
2020-07-20,GOOGL,75.03597325028477,77.71101856250989,74.42677241523799,77.4549560546875,30166000
2020-07-20,MSFT,194.4850602325537,201.4106286872803,192.59712687547508,200.7465362548828,36884800
2020-07-21,AAPL,95.93886772092652,96.01384015427423,93.58810035693676,93.8372039794922,103433200
2020-07-21,GOOGL,78.50447647844284,78.60452239445694,76.89924512180716,77.06269073486328,27486000
2020-07-21,MSFT,202.70086709030065,202.96650405732728,197.3596387279092,198.04270935058597,37990400
2020-07-22,AAPL,93.539686710788,94.78036996748745,93.45262484466052,94.10077667236328,89001600
2020-07-22,GOOGL,77.05230414707529,77.61049212940189,76.43418534115442,77.50499725341797,24482000
2020-07-22,MSFT,198.4696173061284,201.41061651256535,197.70116650393845,200.88882446289065,49605700
2020-07-23,AAPL,93.8347637107106,93.91215697447912,89.00989228366163,89.81766510009766,197004400
2020-07-23,GOOGL,77.55848677338363,77.77740431624677,74.71850645345809,75.12266540527344,33910000
2020-07-23,MSFT,196.56276007758532,200.10143591446612,191.7812649343309,192.15126037597656,67457000
2020-07-24,AAPL,88.0207257853986,89.93858177491317,86.23829692519554,89.59515380859375,185438800
2020-07-24,GOOGL,74.25294639640434,75.05728910230158,73.67841157363145,74.69969177246094,29902000
2020-07-24,MSFT,190.13997095622724,192.4548197616395,187.37922843127436,190.97483825683597,39827000
2020-07-27,AAPL,90.65445824165904,91.81049336055368,90.4319618348545,91.71858978271484,121214000
2020-07-27,GOOGL,74.94980528884972,76.15334911512461,74.90374244743394,75.75067901611328,27124000
2020-07-27,MSFT,191.136099250431,193.507867976449,190.55738710223747,193.3940277099609,30160900
2020-07-28,AAPL,91.2904945734554,91.46704652134645,90.20701133687024,90.21185302734376,103625600
2020-07-28,GOOGL,75.53125844489945,75.58128139808517,74.31879698161339,74.47382354736328,30910000
2020-07-28,MSFT,193.1663394373007,194.20042716363653,191.3922610007312,191.65789794921875,23251400
2020-07-29,AAPL,90.69313969811392,92.12488531095718,90.65686391836,91.94107818603516,90329200
2020-07-29,GOOGL,74.54069094769629,75.9438352826019,74.44212629875796,75.45746612548828,22676000
2020-07-29,MSFT,192.11329538850467,194.15301100588135,191.6484234376394,193.59327697753903,19632600
2020-07-30,AAPL,91.11637343156816,93.15757426558147,90.71006994116662,93.05358123779295,158130000
2020-07-30,GOOGL,74.19250997725946,76.31828560366807,74.05383021309267,76.19347381591797,36042000
2020-07-30,MSFT,190.69023617073975,193.97277098377305,189.33359119030615,193.4414825439453,25079600
2020-07-31,AAPL,99.5302890268665,102.94518713128302,97.53745326363412,102.79524230957033,374336800
2020-07-31,GOOGL,74.14694868578218,74.54169101337568,72.01473400683179,73.69623565673828,91468000
2020-07-31,MSFT,193.915779505781,194.57988624180555,188.8022473903706,194.49449157714844,51044000
2020-08-03,AAPL,104.67198887947312,107.99740451645604,104.37452005882112,105.38544464111328,308151200
2020-08-03,GOOGL,73.84730518130277,74.18062787766284,72.8923872360385,73.4391860961914,45482000
2020-08-03,MSFT,200.6706193833469,206.47670479362864,199.6460135210393,205.43312072753903,78983000
2020-08-04,AAPL,105.57406469122864,107.177520504938,104.85335391870224,106.08920288085938,173071600
2020-08-04,GOOGL,73.63480832006313,73.95179166394234,72.51149486368587,72.97062683105469,37212000
2020-08-04,MSFT,203.18469025802025,203.75392056729805,199.5226786078573,202.34982299804688,49280100
2020-08-05,AAPL,105.81110781245884,106.79301183705664,105.34675558446708,106.47377014160156,121776800
2020-08-05,GOOGL,73.14498306411674,73.79776798849193,72.86761597708453,73.25740814208984,29134000
2020-08-05,MSFT,203.8772658730298,203.97214242740145,200.7180821734973,202.01780700683597,28806400
2020-08-06,AAPL,106.8050811008857,110.6819103626939,106.2173913049504,110.18853759765624,202428800
2020-08-06,GOOGL,73.11179419733642,74.60359539633092,72.90129570804297,74.53821563720703,33306000
2020-08-06,MSFT,201.4485573768755,205.27184763929063,200.6990847830471,205.2528839111328,32656800
2020-08-07,AAPL,109.7112386108564,110.16673452744944,106.88862644814542,107.68331909179688,198045600
2020-08-07,GOOGL,74.74079797982189,75.28808803596695,73.61302541373514,74.21232604980469,27718000
2020-08-07,MSFT,203.8298218476413,204.6362145752695,200.11087553199408,201.5813751220703,27820400
2020-08-10,AAPL,109.12491431547922,110.26365418298434,106.605157525482,109.24848175048828,212403600
2020-08-10,GOOGL,73.83736340633662,74.64715467334653,73.17813220522784,74.13552856445312,20546000
2020-08-10,MSFT,200.8129066386174,201.01214157502835,195.76579047102223,197.56832885742188,36716500
2020-08-11,AAPL,108.5143723583924,109.01105257691336,105.74021214896972,105.99945831298828,187902400
2020-08-11,GOOGL,73.99586880540706,74.81012673459853,73.21282326551187,73.32921600341797,31098000
2020-08-11,MSFT,196.5342796413907,196.9991371237321,192.720470846851,192.9481658935547,36446500
2020-08-12,AAPL,107.08729946496186,109.77908349339258,106.89347486656196,109.5222625732422,165598000
2020-08-12,GOOGL,73.65512760591216,74.87105817178005,73.55012397437174,74.65164184570312,22512000
2020-08-12,MSFT,194.76017573811987,199.4942318468765,194.2478800065006,198.46014404296875,28013100
2020-08-13,AAPL,110.89843907131024,112.46117673591527,110.41144495933912,111.46054077148438,210082000
2020-08-13,GOOGL,74.69967934829317,76.12412825065051,74.69967934829317,75.1176986694336,22388000
2020-08-13,MSFT,198.69733391145985,200.50936900980943,197.47349292783164,197.9952850341797,22588900
2020-08-14,AAPL,111.28610608884811,111.4508577562041,109.55619139980416,111.36121368408205,165565200
2020-08-14,GOOGL,74.96714232339298,75.27323541534633,74.2435286408995,74.52237701416016,21942000
2020-08-14,MSFT,198.05217908321637,198.83960807157095,196.86629466872947,198.18499755859372,17958900
2020-08-17,AAPL,112.48056244330752,112.50479236850128,110.44537442392809,111.07046508789062,119561600
2020-08-17,GOOGL,75.08403529599272,75.4708574063542,74.54070531044609,75.09740447998047,19990000
2020-08-17,MSFT,198.84910275139208,200.35754423975445,198.20397410771088,199.4942169189453,20184800
2020-08-18,AAPL,110.8233386380346,112.41999238397445,110.4889848914492,111.9959945678711,105633600
2020-08-18,GOOGL,75.5867328085061,77.13450454848939,75.36633404262166,77.05575561523438,28378000
2020-08-18,MSFT,199.73138532533156,201.4675217571168,198.4790989748096,200.64215087890625,21336200
2020-08-19,AAPL,112.40302713967982,113.54661008039471,112.0420256623096,112.13651275634766,145538000
2020-08-19,GOOGL,76.89280103993732,77.70359007865663,76.274191139251,76.50251770019531,30472000
2020-08-19,MSFT,201.12716528826644,201.70727635922717,198.9969182630244,199.42486572265625,27627600
2020-08-20,AAPL,112.17769677241944,114.73864510178976,112.16073508691606,114.62477111816406,126907200
2020-08-20,GOOGL,76.27270646114124,78.26376224635354,75.99980587316979,78.06961059570312,26382000
2020-08-20,MSFT,199.27272784174724,204.46519928761975,198.67360712535148,204.06578063964844,26981500
2020-08-21,AAPL,115.58180736652324,121.01382862104188,115.56969610018756,120.53168487548828,338054800
2020-08-21,GOOGL,77.84920424259258,78.84374588387767,77.379181914603,78.03593444824219,34838000
2020-08-21,MSFT,203.3810516231777,205.6539431777377,202.42054594494115,202.58221435546875,36249300
2020-08-24,AAPL,124.72560677695704,124.81041520723647,120.11251616944286,121.97325897216795,345937600
2020-08-24,GOOGL,78.87295386245428,79.68077276095855,78.00967062775278,78.51040649414062,25638000
2020-08-24,MSFT,204.2654985218534,204.95973970025923,202.02113558012567,203.2194061279297,25460100
2020-08-25,AAPL,120.84905806633049,121.31666526163797,119.25482230830536,120.97261810302734,211495600
2020-08-25,GOOGL,78.2603048362769,79.68574394303413,78.15035104961208,79.53567504882812,25150000
2020-08-25,MSFT,202.65830591741505,205.9963139894996,202.65830591741505,205.86317443847656,23043700
2020-08-26,AAPL,122.28582351932762,123.07324808240536,121.2221910988812,122.61775207519533,163022400
2020-08-26,GOOGL,79.55795969252074,81.86055017042472,79.29446813584885,81.43162536621094,52188000
2020-08-26,MSFT,207.20408028520444,211.2077859392741,206.7095557551651,210.3138427734375,39600800
2020-08-27,AAPL,123.21860253348014,123.5505310416234,120.01075143908814,121.15191650390624,155552400
2020-08-27,GOOGL,81.55444721457123,81.62279705968226,80.17755001413131,80.65847778320312,31350000
2020-08-27,MSFT,211.96861762099115,219.82388085382107,208.64961882382028,215.47781372070312,57602200
2020-08-28,AAPL,122.12347098857094,122.54020052783068,120.73276064666275,120.9556655883789,187630000
2020-08-28,GOOGL,80.70553787302336,81.29393305404557,80.51435629556859,81.19883728027344,22418000
2020-08-28,MSFT,216.9993472514701,219.3388155145878,215.4777547365325,217.69358825683597,26292900
2020-08-31,AAPL,123.64260037932992,126.9570498293378,122.11136090455392,125.05753326416016,225702700
2020-08-31,GOOGL,81.40388255781721,81.4499453974178,80.50048409065784,80.70850372314453,26422000
2020-08-31,MSFT,215.87722063655664,217.49391938667625,213.31902570018516,214.479248046875,28774200
2020-09-01,AAPL,128.66273593650766,130.6397854362347,126.50156266667052,130.03890991210938,151948100
2020-09-01,GOOGL,80.83876691063882,82.17901042562862,80.70850618421295,81.97396087646484,22652000
2020-09-01,MSFT,214.4601710654626,216.3051148177839,213.43308852774396,216.13394165039065,25725500
2020-09-02,AAPL,133.34366914812884,133.72163230653712,123.0805031800758,127.3447036743164,200119000
2020-09-02,GOOGL,82.6143676826583,85.49149282341432,82.2270543817602,85.06009674072266,49522000
2020-09-02,MSFT,216.7996706686181,221.4500643676521,216.21005476958464,220.29934692382807,34080800
2020-09-03,AAPL,122.99327511596653,124.86370387094604,116.78109860380437,117.1493682861328,257599600
2020-09-03,GOOGL,84.17501205081606,84.19878788185247,79.62778233912816,80.70751190185547,63726000
2020-09-03,MSFT,218.03597815421037,218.07401180492377,204.42715773754352,206.65249633789065,58400300
2020-09-04,AAPL,116.36438893039704,119.88235689314044,107.46770259236348,117.22692108154295,332607200
2020-09-04,GOOGL,79.69166780285563,80.9789181114478,76.17364614376099,78.31526947021484,55850000
2020-09-04,MSFT,204.5602944159865,207.6605520505304,195.13587224368297,203.7519378662109,59664100
2020-09-08,AAPL,110.43323478516716,115.3176895401304,109.20243319485355,109.3381118774414,231366600
2020-09-08,GOOGL,75.531276836956,77.04437518141046,75.11027981192163,75.4619369506836,54032000
2020-09-08,MSFT,196.3816986090303,199.7387308432488,192.2923915711213,192.7298583984375,52924300
2020-09-09,AAPL,113.6411109896637,115.46308756005234,111.70283521072184,113.69925689697266,176940500
2020-09-09,GOOGL,76.71500276034612,77.20137193178421,75.53968617083565,76.63229370117188,39242000
2020-09-09,MSFT,197.42778494753424,204.3130219079884,196.57187546422944,200.9369659423828,45679000
2020-09-10,AAPL,116.64542107173033,116.78109976625105,109.02799770708086,109.98744201660156,182274400
2020-09-10,GOOGL,76.77840721698225,77.9413371691377,75.28362830526697,75.5832748413086,33024000
2020-09-10,MSFT,202.9436046285593,204.21795697838257,194.1088118526165,195.30706787109372,35461500
2020-09-11,AAPL,111.03410239684672,111.6737368072172,106.6051435470581,108.54341888427734,180860300
2020-09-11,GOOGL,75.6872757671779,76.20979986696204,73.94733248622468,75.07361602783203,30706000
2020-09-11,MSFT,197.04737049649287,198.40730923899483,191.379413634997,194.0326995849609,33620100
2020-09-14,AAPL,111.17948084192356,112.3521366002866,109.31873818703018,111.79972839355467,140150100
2020-09-14,GOOGL,75.86062084569654,77.11617505248893,74.54613341810307,74.73037719726562,42660000
2020-09-14,MSFT,194.2324386654216,198.9493952369475,194.03272208163065,195.34510803222656,30375800
2020-09-15,AAPL,114.678061846814,115.16263068004424,110.10373087809108,111.9741668701172,184642000
2020-09-15,GOOGL,75.67439749231889,76.81850912194776,75.38762895197046,76.03248596191406,23042000
2020-09-15,MSFT,198.2075963872676,199.5009581300524,196.79059988981783,198.54995727539065,21823900
2020-09-16,AAPL,111.6737592561301,112.41999215763812,108.5822071057358,108.66942596435548,154679000
2020-09-16,GOOGL,76.39702349907539,76.98591739664747,74.86707984364574,74.891845703125,22128000
2020-09-16,MSFT,200.29976727754675,200.32829613829637,194.61278702726065,195.0027008056641,26328100
2020-09-17,AAPL,106.3338087447182,108.73726653223142,105.35497742143326,106.9346694946289,178011000
2020-09-17,GOOGL,73.5902250977889,74.22667062437742,72.43373433435603,73.6511459350586,40008000
2020-09-17,MSFT,190.2477122151913,194.31799446274707,190.16212562618733,192.9675750732422,34011300
2020-09-18,AAPL,106.99280653960918,107.4579885079662,102.81581790836312,103.54267120361328,287104900
2020-09-18,GOOGL,73.71357269652282,74.05532197086009,70.90628605462157,71.87060546875,63056000
2020-09-18,MSFT,192.8629602747,193.6713022276265,186.63390228968643,190.571044921875,55225300
2020-09-21,AAPL,101.313661801721,106.78929159662262,99.91810106836908,106.68268585205078,195713800
2020-09-21,GOOGL,70.90627729054565,71.32429660778882,69.47291813290063,70.83297729492188,56908000
2020-09-21,MSFT,187.52784665801772,192.777375041513,186.757538345828,192.61569213867188,39839700
2020-09-22,AAPL,109.20246665982306,109.37691179002788,105.79110426173926,108.35931396484376,183055400
2020-09-22,GOOGL,71.83246499368731,72.50853448781227,70.8012770688142,72.30298614501953,33950000
2020-09-22,MSFT,195.0122594122858,197.9033105292081,192.17828054373396,197.25662231445312,33517100
2020-09-23,AAPL,108.17516907584384,108.65004455027304,103.47484460570544,103.81404876708984,150718700
2020-09-23,GOOGL,71.92012967764403,71.9691626068808,69.47291945647498,69.80525207519531,37726000
2020-09-23,MSFT,197.71307502263417,197.9032868054873,190.22870282103128,190.76126098632807,30803800
2020-09-24,AAPL,101.92422311648544,106.8474450340975,101.75947146104524,104.88009643554688,167743300
2020-09-24,GOOGL,69.47292020222153,71.22177395957205,69.44666551695688,70.47240447998047,34552000
2020-09-24,MSFT,190.0575169900214,195.49724276427847,189.43935775910268,193.23385620117188,31202500
2020-09-25,AAPL,105.08359510641,108.96983913180422,104.34704842616586,108.81477355957033,149981400
2020-09-25,GOOGL,70.58085997558933,71.61550895804031,69.72054689805843,71.2747573852539,30326000
2020-09-25,MSFT,193.576230870522,198.79721638343332,192.6157107003386,197.6370086669922,29437300
2020-09-28,AAPL,111.46056160237652,111.76099201133604,109.29938064487524,111.41210174560548,137672400
2020-09-28,GOOGL,72.9057505874798,72.95527475090996,71.63236818722949,72.24552917480469,30784000
2020-09-28,MSFT,200.5470711588812,202.15426497540128,197.86524169936013,199.17762756347656,32004900
2020-09-29,AAPL,111.01471850800384,111.75125778339697,110.06496037698288,110.56890869140624,99382200
2020-09-29,GOOGL,72.50556444051016,72.90624691880095,72.01472878247793,72.61006927490234,31816000
2020-09-29,MSFT,199.0920185467079,199.7767402673034,196.67646844596257,197.1044158935547,24221900
2020-09-30,AAPL,110.27819984549522,113.6411094597142,110.11344818104769,112.23585510253906,142675200
2020-09-30,GOOGL,72.35845086835646,73.60954622399498,72.10189711806734,72.5892562866211,40924000
2020-09-30,MSFT,197.55140923532704,201.5931629854757,196.41971586350596,200.0240173339844,33829100
2020-10-01,AAPL,114.0093812707512,114.0869140768239,112.25524404848424,113.18561553955078,116120400
2020-10-01,GOOGL,73.4837487839476,74.04887444818279,73.14397960876425,73.6937484741211,32884000
2020-10-01,MSFT,203.0292125045856,203.5047130134632,200.9655420373914,202.0496826171875,27158400
2020-10-02,AAPL,109.40595903034216,111.80942388224,108.7566385181768,109.53194427490234,144712000
2020-10-02,GOOGL,72.29357184396041,73.25442978973021,71.68536100740494,72.0939712524414,31222000
2020-10-02,MSFT,197.80819290175853,200.6516908987254,195.46872423543036,196.08688354492188,33154800
2020-10-05,AAPL,110.39450032404892,113.0499360657336,110.04561009300302,112.9045639038086,106243800
2020-10-05,GOOGL,72.44315041789427,73.53525912459374,72.31635858239636,73.44264221191406,21602000
2020-10-05,MSFT,197.0664125778117,200.10010784631453,196.83816713211056,200.0715789794922,21331600
2020-10-06,AAPL,112.12925987546326,112.53630344118018,108.78573684536278,109.66765594482422,161498200
2020-10-06,GOOGL,73.0795878999186,73.52633314283509,71.56946004827292,71.86712646484375,26096000
2020-10-06,MSFT,198.5880185697547,199.8813658869558,194.7840148995236,195.8206024169922,28554300
2020-10-07,AAPL,111.08256364293982,111.98386198190468,110.60768085568208,111.5283660888672,96849000
2020-10-07,GOOGL,72.2777366606318,72.7561856589531,70.98602714690402,72.26931762695312,36108000
2020-10-07,MSFT,196.9142614192931,199.8148173226299,196.5909245674125,199.5485382080078,25681100
2020-10-08,AAPL,112.66227875286972,112.80765091391856,111.05350632008393,111.42178344726562,83477200
2020-10-08,GOOGL,72.58183818176148,73.70019413862819,72.58183818176148,73.47236633300781,26076000
2020-10-08,MSFT,200.1951569928357,200.8418450303163,198.11247759861763,200.26173400878903,19925800
2020-10-09,AAPL,111.72221622412157,113.38913459955496,111.37332598768504,113.3600616455078,100506900
2020-10-09,GOOGL,73.93939693450929,74.87994777293632,73.64915954048142,74.81060791015625,32966000
2020-10-09,MSFT,200.8799033044893,205.28304183581028,200.8799033044893,205.2354888916016,26458000
2020-10-12,AAPL,116.3546832921574,121.31667154926016,115.59875698215504,120.5607452392578,240226800
2020-10-12,GOOGL,76.17513722108433,78.67237024533334,75.74423241966193,77.49210357666016,55344000
2020-10-12,MSFT,208.0694318407876,212.89101224094424,206.186454562492,210.55154418945312,40461400
2020-10-13,AAPL,121.40390564086032,121.5202048546633,115.9573551882952,117.36260223388672,262330500
2020-10-13,GOOGL,78.10725371718881,78.51091381347847,77.19691752122968,77.61493682861328,39072000
2020-10-13,MSFT,211.80690868034503,214.1749060008081,209.6291086260481,211.94004821777344,28950800
2020-10-14,AAPL,117.26567529237091,119.23302386837868,115.928267773167,117.44981384277344,150712000
2020-10-14,GOOGL,77.98788899855778,78.44602339616488,76.56641026692593,77.43514251708984,33174000
2020-10-14,MSFT,212.0732275406288,213.23344994635983,208.3928582353892,210.0380859375,23421700
2020-10-15,AAPL,115.0560370517392,117.45949457685695,114.50362881948811,116.984619140625,112559200
2020-10-15,GOOGL,76.49708295143122,77.82940631799474,76.33017599280261,77.04041290283203,31210000
2020-10-15,MSFT,206.46230580810283,209.56256358737795,205.42570377548589,208.89686584472656,22733100
2020-10-16,AAPL,117.53704793861876,117.79871932248498,115.1432760487085,115.34679412841795,115393800
2020-10-16,GOOGL,77.35539721644541,78.1419115844437,77.14886643795133,77.64613342285156,34194000
2020-10-16,MSFT,209.36284700902127,211.39798840005415,208.5735290141705,208.89686584472656,26057900
2020-10-19,AAPL,116.25777640664252,116.70357893346838,112.09048805904364,112.4006118774414,120639300
2020-10-19,GOOGL,78.05376915654217,78.45000028741373,75.42825518046858,75.77643585205078,29734000
2020-10-19,MSFT,209.6196220186127,211.4075084000754,203.24791872724472,203.72341918945312,27625800
2020-10-20,AAPL,112.613816705773,115.30802617540574,112.06140841970505,113.88339233398438,124423700
2020-10-20,GOOGL,75.4376663929067,77.95025657100902,75.30839568992401,76.82298278808594,41670000
2020-10-20,MSFT,205.22601457098676,206.7190785651468,202.64879552797225,204.13235473632807,22753500
2020-10-21,AAPL,113.06930582021845,115.04634782768704,112.85609432030498,113.2631378173828,89946000
2020-10-21,GOOGL,77.75262483298744,79.99578295320819,77.61840399961719,78.55201721191406,60322000
2020-10-21,MSFT,202.67731999633716,206.2911265473587,202.67731999633716,204.27500915527344,22724900
2020-10-22,AAPL,113.825219728469,114.39701481541562,111.05348531931205,112.1776885986328,101988000
2020-10-22,GOOGL,78.50299093291768,79.910594254677,78.1305356462578,79.5757827758789,30512000
2020-10-22,MSFT,203.4476132060578,205.47324974306363,201.32688528683093,204.36058044433597,22351500
2020-10-23,AAPL,112.7979355425483,112.95300112257948,110.75305441797342,111.4896011352539,82572600
2020-10-23,GOOGL,79.991314945386,80.93582593552406,79.83578959539318,80.87936401367188,30548000
2020-10-23,MSFT,204.4937200480512,205.682471159576,202.7153530287692,205.63491821289065,18879600
2020-10-26,AAPL,110.491393975544,112.9530046815979,109.39626361538546,111.49929809570312,111850700
2020-10-26,GOOGL,79.98884506428563,80.71096977316282,77.65009994875733,78.46781921386719,35826000
2020-10-26,MSFT,203.37154758566112,205.7395305315812,197.9032924290468,199.7862701416016,37111600
2020-10-27,AAPL,111.92572886201872,113.6604865106456,111.0050508568626,113.00147247314452,92276800
2020-10-27,GOOGL,78.69762923737872,79.34496508652187,78.10625651896821,79.19043731689453,25902000
2020-10-27,MSFT,201.222238644154,204.1513225999153,200.02398296225496,202.8009033203125,36700300
2020-10-28,AAPL,111.49931413026005,111.86758385649746,107.67121513386326,107.76812744140624,143937800
2020-10-28,GOOGL,76.7699878111158,76.95819174187838,74.71306085293473,74.82796478271484,45174000
2020-10-28,MSFT,197.49433967491123,198.60700889932528,192.19727262307055,192.74884033203125,51195600
2020-10-29,AAPL,108.90202494425338,113.32129125851726,108.73726588721904,111.76097869873048,146129200
2020-10-29,GOOGL,75.13601951207664,78.68821609853272,75.11274247625232,77.11023712158203,55406000
2020-10-29,MSFT,194.0707590331236,197.199545583512,193.40504679969789,194.68890380859372,31432600
2020-10-30,AAPL,107.63245134560678,108.53374987611885,104.39553435267372,105.50035095214844,190272600
2020-10-30,GOOGL,82.58612891076312,83.27358743993122,79.32367098650236,80.04381561279297,99878000
2020-10-30,MSFT,193.52864762831223,194.27993181652224,189.83876017002257,192.5491180419922,36953700
2020-11-02,AAPL,105.74262715568275,107.26417322328108,104.00786958662285,105.41311645507812,122866900
2020-11-02,GOOGL,80.4118285038059,82.13047501915948,79.9512076583537,80.4504623413086,44228000
2020-11-02,MSFT,194.2799692800792,195.22146540382536,190.3142972315909,192.416015625,30842200
2020-11-03,AAPL,106.27565178371684,108.0491682897085,105.37435335866708,107.03157806396484,107624400
2020-11-03,GOOGL,80.76942013279667,82.16810552168376,79.84570721056207,81.50739288330078,31432000
2020-11-03,MSFT,193.89958841755603,197.92231848294972,193.1673136029164,196.31512451171875,27512000
2020-11-04,AAPL,110.61739025769825,112.02263714006963,108.88263267145908,111.4023895263672,138235500
2020-11-04,GOOGL,84.47514867258275,87.66727660674924,84.34736681948627,86.46967315673828,71342000
2020-11-04,MSFT,203.5331963345043,207.62250269793293,202.011589242166,205.7870635986328,42311800
2020-11-05,AAPL,114.3097976289083,115.92826333290571,113.26313445106744,115.3564682006836,126387100
2020-11-05,GOOGL,87.68808667270783,88.74651929237847,86.23095164260569,87.2943344116211,39758000
2020-11-05,MSFT,211.16021747082223,213.13830093445856,210.31382731432063,212.34896850585935,36080100
2020-11-06,AAPL,114.8662386135022,115.72054874493432,112.74016234873253,115.2254409790039,114457900
2020-11-06,GOOGL,86.74157942396124,87.59149345829519,86.0154871176953,87.1571273803711,28622000
2020-11-06,MSFT,211.36945163349583,213.3665592979318,207.3467219500644,212.75791931152344,25231900
2020-11-09,AAPL,116.98257616030648,118.4290806298261,112.66247568801708,112.92459106445312,154515300
2020-11-09,GOOGL,88.95256106744117,89.98820035330125,87.0491719162003,87.2408447265625,53440000
2020-11-09,MSFT,213.44267665042355,216.94235352722168,207.2041121231752,207.68911743164065,44395000
2020-11-10,AAPL,112.17708523408758,114.15753088265224,110.79852956756876,112.58482360839844,138023400
2020-11-10,GOOGL,85.67326433218005,87.13980845567484,84.9971948371196,86.0670166015625,43022000
2020-11-10,MSFT,203.98968301620295,205.89168472264777,199.44390009868965,200.67068481445312,44045100
2020-11-11,AAPL,113.7691943770842,116.13796507649292,113.0410870811954,116.0020523071289,112295000
2020-11-11,GOOGL,86.59596809428096,87.31413265671966,86.33148655716936,86.53802490234375,31838000
2020-11-11,MSFT,201.9830425033145,207.35619077120185,201.80235004458964,205.939208984375,29440800
2020-11-12,AAPL,116.12825248994538,117.01168541609098,115.10889939924142,115.73021697998048,103162300
2020-11-12,GOOGL,86.27899669762176,87.41716831631348,86.0793960905829,86.31961059570312,26474000
2020-11-12,MSFT,206.56691213283364,208.37380804064975,203.9516596545553,204.88363647460935,21593900
2020-11-13,AAPL,115.95353177622368,116.17681389575208,114.42936059587085,115.7787857055664,81581900
2020-11-13,GOOGL,86.57617665118782,88.01894502668213,85.98084368097635,87.77774047851562,29744000
2020-11-13,MSFT,205.75853976225488,206.76659831833055,203.66634084251575,205.90118408203125,18621100
2020-11-16,AAPL,115.44869936969526,117.45827535475048,114.70117908437908,116.78842163085938,91183000
2020-11-16,GOOGL,87.37557173690674,88.87134076750016,87.23639317159765,87.86540985107422,25468000
2020-11-16,MSFT,204.34155952810383,207.07094198920103,204.0087179184925,206.5859222412109,24953300
2020-11-17,AAPL,116.06031664652184,117.14761890185564,115.48753500270898,115.9049835205078,74271000
2020-11-17,GOOGL,87.55980685012722,88.0194376680563,87.14525640032842,87.25273132324219,21314000
2020-11-17,MSFT,205.51130105759668,207.0138697153889,203.59027516934893,203.95166015625,24154100
2020-11-18,AAPL,115.1477501072869,116.32242906767756,114.55555554119124,114.58467864990234,76322100
2020-11-18,GOOGL,87.00408627726843,87.41814543608226,86.10909938555183,86.21162414550781,20108000
2020-11-18,MSFT,203.7132654556416,205.1625752740148,201.11976980133684,201.26280212402344,28372800
2020-11-19,AAPL,114.15752657877456,115.58461824175112,113.400296081691,115.1768798828125,74113000
2020-11-19,GOOGL,85.84462255020851,87.343361405391,85.68563585602725,87.09967803955078,20106000
2020-11-19,MSFT,201.548888063899,203.1221420494546,200.16631477761183,202.5405120849609,24792700
2020-11-20,AAPL,115.17688122037636,115.30308383579212,113.8662893904585,113.91482543945312,73604300
2020-11-20,GOOGL,87.26957210044257,87.58457543362366,85.93229864739699,86.00064849853516,27694000
2020-11-20,MSFT,202.33068920271324,203.3699903970843,200.23301292946485,200.60487365722656,22843100
2020-11-23,AAPL,113.7595093974955,114.1866681424837,110.42963099730896,110.5267105102539,127959300
2020-11-23,GOOGL,86.19083352627514,86.47661206181675,84.70299250728546,85.56379699707031,22530000
2020-11-23,MSFT,201.13884979714732,202.4165237769286,198.4786172840736,200.33792114257807,25683500
2020-11-24,AAPL,110.58495144916895,112.46831748552104,109.30347536130688,111.80816650390624,113874200
2020-11-24,GOOGL,85.56082603907734,87.49145221377151,85.22551578530343,87.3636703491211,27984000
2020-11-24,MSFT,199.84208903643668,204.28535867251247,199.14604498028865,203.9134979248047,33979700
2020-11-25,AAPL,112.1770742252856,113.34204301090116,111.808161764711,112.64305877685548,76499200
2020-11-25,GOOGL,87.55733997611418,87.68462306050553,86.59400306831243,87.37506866455078,19600000
2020-11-25,MSFT,205.1053989714264,205.2770203254931,202.5786542646807,203.92306518554688,21012900
2020-11-27,AAPL,113.1673164909398,114.06045987456068,112.82753448702884,113.18672943115234,46691300
2020-11-27,GOOGL,87.39536810388411,89.00356955849365,87.39536810388411,88.50877380371094,14790000
2020-11-27,MSFT,204.85745581384185,206.211410684154,204.0851162270061,205.2197723388672,14512200
2020-11-30,AAPL,113.5556193082818,117.4388583652438,113.4002861907918,115.5749053955078,169410200
2020-11-30,GOOGL,87.94562745662698,88.17791413138632,86.56823156272611,86.89314270019531,32418000
2020-11-30,MSFT,204.1423578285705,204.77165061209425,201.03396893960857,204.1137542724609,33064800
2020-12-01,AAPL,117.47771042124693,119.86590193418374,116.50690050184048,119.1377944946289,127728200
2020-12-01,GOOGL,87.50037321261483,90.22742179874707,87.32058076701112,88.92184448242188,37350000
2020-12-01,MSFT,204.53328996973545,207.2126111254596,203.4272517872102,206.15423583984372,30904500
2020-12-02,AAPL,118.45821072635326,119.76880990592802,117.36119829848748,119.48727416992188,89004200
2020-12-02,GOOGL,88.92185299674881,90.77323924250796,88.41715688663899,90.38839721679688,29424000
2020-12-02,MSFT,204.88607038902487,205.4486263666285,202.902808140873,205.353271484375,23724500
2020-12-03,AAPL,119.91444354480213,120.16685620942218,118.6426848615684,119.35137939453124,78967600
2020-12-03,GOOGL,90.16898581671288,91.32250671536012,89.99365227253425,90.2333755493164,24728000
2020-12-03,MSFT,204.62863528432732,206.31631786058676,203.71327783051,204.27584838867188,25120900
2020-12-04,AAPL,119.02127760834182,119.27369022514604,117.97280126779268,118.6814956665039,78260400
2020-12-04,GOOGL,90.15314239898744,90.61276570513373,89.82476230336675,90.32847595214844,20544000
2020-12-04,MSFT,204.25675542958837,205.362808006186,203.26511706811743,204.39024353027344,24666000
2020-12-07,AAPL,118.73974211450027,120.93377429658472,118.68149589769769,120.13771057128906,86712000
2020-12-07,GOOGL,89.92183251709534,90.60236094268264,89.30223249741923,89.9951400756836,22288000
2020-12-07,MSFT,204.3998283769953,205.5154109229719,203.08402090049552,204.32354736328125,24620000
2020-12-08,AAPL,120.7396105898644,121.3318051265446,119.4969678952844,120.7493133544922,82225500
2020-12-08,GOOGL,89.57365096270438,89.94263737562288,88.7197766206352,89.71282196044922,19936000
2020-12-08,MSFT,204.01841676741,206.8598151262344,202.98864501239464,205.96353149414065,23284100
2020-12-09,AAPL,120.89494675486756,122.27349493369556,117.46798924542291,118.2252197265625,115089200
2020-12-09,GOOGL,89.66478236786917,90.556799345389,87.26957496710735,88.05509948730469,31728000
2020-12-09,MSFT,205.15305477478967,205.2197915557365,201.38676956150456,201.94932556152344,32440600
2020-12-10,AAPL,116.98258416090866,120.25421594451468,116.6428022027754,119.6426010131836,81312200
2020-12-10,GOOGL,87.29927799311818,87.91293775862344,85.85947993026394,87.54940032958984,28688000
2020-12-10,MSFT,201.92072995416368,203.16980044541748,200.57630457310324,200.72886657714844,26733300
2020-12-11,AAPL,118.85623544540636,119.17660443365664,117.03111582087004,118.83682250976562,86939800
2020-12-11,GOOGL,87.1705112975482,88.02785447821572,86.81093396626306,87.90353393554688,18628000
2020-12-11,MSFT,200.2806884384495,203.3986065406633,199.3844050137248,203.3413848876953,30979400
2020-12-14,AAPL,119.021283489644,119.74939086099992,117.99222744160214,118.2252197265625,79184500
2020-12-14,GOOGL,87.70145902583772,88.64646138219037,86.63212857361042,86.78715515136719,33050000
2020-12-14,MSFT,203.18885521361372,206.1542115985592,202.9790861150688,204.23768615722656,28798400
2020-12-15,AAPL,120.71048814758292,124.16657610565406,120.50661897640848,124.14715576171876,157243700
2020-12-15,GOOGL,87.16356179371958,87.36861130797348,86.26264230585679,87.22399139404297,21352000
2020-12-15,MSFT,205.16259868933065,205.4009713719016,202.36887783317297,204.1709747314453,27000600
2020-12-16,AAPL,123.69089795295262,124.62286719942308,122.86570357898366,124.07921600341795,98208600
2020-12-16,GOOGL,87.62170901445369,87.62170901445369,86.62866380020262,87.03132629394531,24676000
2020-12-16,MSFT,204.76215440700523,209.87286580443688,204.73355084622105,209.0814666748047,35023300
2020-12-17,AAPL,125.13738104904724,125.79753943581208,124.3024840034632,124.94322204589844,94359800
2020-12-17,GOOGL,87.36515988539692,87.50284960689325,85.74160920753897,86.20519256591797,34880000
2020-12-17,MSFT,209.64398793352763,210.6165524859304,207.7846840459289,209.2149200439453,32515800
2020-12-18,AAPL,125.1956495157238,125.33156230733624,122.43854558581786,122.96278381347656,192541500
2020-12-18,GOOGL,86.48553930809959,86.5940042678722,84.94172742665378,85.4974365234375,85256000
2020-12-18,MSFT,208.42349243164065,209.47233783916997,205.9730293236653,208.42349243164065,63354900
2020-12-21,AAPL,121.37063241963554,124.56459740524316,119.84646139919089,124.48693084716795,121251600
2020-12-21,GOOGL,84.6509850821295,86.03135123435776,83.90161560192239,85.9104995727539,33974000
2020-12-21,MSFT,207.4318862354392,213.5818977933264,207.1744396955976,212.2374725341797,37181900
2020-12-22,AAPL,127.76827272564633,130.48654300822767,125.86547908382497,128.0303955078125,168904800
2020-12-22,GOOGL,85.65146820811077,85.8139237991341,84.48506941057786,85.20026397705078,20370000
2020-12-22,MSFT,212.3328254627275,215.1360901733441,211.5318968451548,213.52468872070312,22612200
2020-12-23,AAPL,128.30222925734495,128.5643372428869,126.9625069666015,127.13726043701172,88223700
2020-12-23,GOOGL,85.38401507930502,86.38349935541012,85.2487966486839,85.59698486328125,22974000
2020-12-23,MSFT,212.73330101406677,213.16236889979095,210.53073992478457,210.74050903320312,18699600
2020-12-24,AAPL,127.48673172125208,129.56426380208862,127.2731524108818,128.1177520751953,54930100
2020-12-24,GOOGL,85.6351223589814,86.29930394276053,85.40481570948793,85.89069366455078,9312000
2020-12-24,MSFT,211.12187050307205,213.2100170826922,210.91210142344104,212.3900146484375,10550600
2020-12-28,AAPL,130.07881339134244,133.33101740723168,129.61281401111586,132.6999969482422,124486200
2020-12-28,GOOGL,86.42311521018222,88.50777783386496,86.27007625611239,87.86192321777344,27650000
2020-12-28,MSFT,214.01097912101392,215.51749613359812,212.64749443916563,214.4972686767578,17933500
2020-12-29,AAPL,134.0203193956025,134.73870929323533,130.41860788701317,130.93313598632812,121047300
2020-12-29,GOOGL,88.51917646313515,88.5805885405759,86.92831193871541,87.05956268310547,19726000
2020-12-29,MSFT,215.78448857316525,216.61402086713676,213.18146290824112,213.72494506835935,17403200
2020-12-30,AAPL,131.6224031061202,132.02043870547348,129.50602990016534,129.8166961669922,96452100
2020-12-30,GOOGL,87.41814396791617,87.55484364556163,85.58558382116101,85.99419403076172,21026000
2020-12-30,MSFT,214.7546914133142,215.13609639636613,211.1695718673008,211.3697967529297,20272300
2020-12-31,AAPL,130.16619767612093,130.80693578751612,127.87508564026446,128.8167724609375,99116600
2020-12-31,GOOGL,86.04474223355912,87.0467055316068,85.98629267407307,86.80599975585938,21070000
2020-12-31,MSFT,211.388864019088,212.62840471424,209.4628089250552,212.07537841796875,20942100
2021-01-04,AAPL,129.62251281946894,129.70988213559124,123.05983729876496,125.63248443603516,143301900
2021-01-04,GOOGL,87.17051481537992,87.29383777569227,84.55242988583664,85.49298095703125,37324000
2021-01-04,MSFT,212.18029080751847,212.628432614177,204.81934121407613,207.56539916992188,37130100
2021-01-05,AAPL,125.12765639008194,127.89446984433803,124.6810774289331,127.1857681274414,97664900
2021-01-05,GOOGL,85.44147592983045,86.51822799258747,85.03583571072942,86.18242645263672,20360000
2021-01-05,MSFT,207.15537629858184,208.3567838459328,205.66793319149295,207.7656097412109,23823000
2021-01-06,AAPL,123.99182776037333,127.22462614380248,122.6909387882324,122.9045181274414,155088000
2021-01-06,GOOGL,84.21166484451052,86.37656533006327,84.0056252787186,85.33200073242188,46588000
2021-01-06,MSFT,202.30210645441335,206.42119298469677,202.08280768192805,202.37838745117188,35930700
2021-01-07,AAPL,124.61314095323335,127.78769300515184,124.12773607491964,127.0984115600586,109578200
2021-01-07,GOOGL,85.52417173941943,88.05310844160358,85.52417173941943,87.88075256347656,41936000
2021-01-07,MSFT,204.08508630555164,209.1385885208676,203.7704472652183,208.13742065429688,27694500
2021-01-08,AAPL,128.56436281946557,128.75853667263522,126.42858375506596,128.19546508789062,105158200
2021-01-08,GOOGL,88.02042296709797,89.11996067150037,87.23093086255197,89.04418182373047,35484000
2021-01-08,MSFT,208.50931041036256,210.32095121888776,206.93605679293017,209.4055938720703,22956200
2021-01-11,AAPL,125.41890340367594,126.37029273075628,124.74904236248368,125.21502685546876,100384500
2021-01-11,GOOGL,88.01348430677218,88.3780193307126,86.78121460098683,86.98675537109375,34796000
2021-01-11,MSFT,208.3090962965024,208.728634495914,206.65001738495064,207.3746795654297,23031300
2021-01-12,AAPL,124.74903735169032,125.9043031805743,123.156910152344,125.040283203125,91951100
2021-01-12,GOOGL,86.44540502976464,87.56178078053122,85.01006585841895,86.05264282226562,29528000
2021-01-12,MSFT,206.4307183295456,207.0028185186949,203.39862515474547,204.9337310791016,23249300
2021-01-13,AAPL,125.00147562190728,127.61295658608566,124.73936761825328,127.06930541992188,88636800
2021-01-13,GOOGL,85.55191167589342,86.99171739787953,85.55191167589342,86.53902435302734,23432000
2021-01-13,MSFT,204.06603165383257,206.67858619423592,203.98020645539052,206.2781219482422,20087100
2021-01-14,AAPL,126.98194787763325,127.17610691023911,125.0014872302532,125.1471176147461,90221800
2021-01-14,GOOGL,86.61925625813795,87.54445807823365,85.49000247726248,85.73021697998047,29212000
2021-01-14,MSFT,205.86818216746164,207.34609567404829,202.8456183702962,203.1125946044922,29480800
2021-01-15,AAPL,125.02089191255358,126.41886047356746,123.29285155612884,123.42876434326172,111598500
2021-01-15,GOOGL,85.63611997667222,86.55735421375228,84.77878423975633,85.56678009033203,31444000
2021-01-15,MSFT,203.58934296382472,204.53328946684096,202.16863655086175,202.75979614257807,31746500
2021-01-19,AAPL,124.05008935422954,124.95295027523215,123.2346125834672,124.0986328125,90757300
2021-01-19,GOOGL,86.32852017503099,89.34184591188985,85.82481417418919,88.38247680664062,41660000
2021-01-19,MSFT,203.80865784344329,206.8884290437698,202.74075280660028,206.37355041503903,30480900
2021-01-20,AAPL,124.90438601399497,128.6225891348087,124.79759634893936,128.17601013183594,104319500
2021-01-20,GOOGL,90.45772770705165,94.09066114332114,90.11796608823944,93.11742401123048,64152000
2021-01-20,MSFT,207.5748902126767,215.28862528479,207.18395559466023,213.90606689453125,37777300
2021-01-21,AAPL,129.89431728816726,135.59296445439338,129.69044077021863,132.87469482421875,120150900
2021-01-21,GOOGL,93.7900171797552,95.69339854365391,93.08472299183488,93.31948852539062,58634000
2021-01-21,MSFT,214.24934361492168,215.7749344565497,212.07538612252483,214.5067901611328,30709400
2021-01-22,AAPL,132.30191601743337,135.76771300467377,131.0787013937247,135.01048278808594,114459400
2021-01-22,GOOGL,93.6815563337508,94.32196208500488,92.9406058668475,93.7360382080078,32744000
2021-01-22,MSFT,216.5186569680968,219.3695992284759,215.2981901089308,215.4412078857422,30172700
2021-01-25,AAPL,138.89375351472623,140.85477848015867,132.55435242559187,138.7481231689453,157611700
2021-01-25,GOOGL,94.73553199201658,95.18525497123451,92.08178325038038,93.82122802734376,50586000
2021-01-25,MSFT,218.46375592415689,219.09306319554696,213.7916579255343,218.8546905517578,33152100
2021-01-26,AAPL,139.40831414179996,140.087878141181,137.24339729703607,138.9811553955078,98390600
2021-01-26,GOOGL,93.41063354446489,94.88460664624404,92.92228430514494,94.49828338623048,31462000
2021-01-26,MSFT,221.0763638030093,223.28845475671795,219.3791514478603,221.5245056152344,49169600
2021-01-27,AAPL,139.24325862387312,140.0878733207545,136.31142335408737,137.9132537841797,140843800
2021-01-27,GOOGL,92.86185848412948,93.13723794973244,89.01694505852133,90.08973693847656,82512000
2021-01-27,MSFT,226.93077069531464,229.2572901681162,219.43633373660572,222.0679626464844,69870600
2021-01-28,AAPL,135.447393493419,137.8452949915903,132.7097026247184,133.08831787109375,142621100
2021-01-28,GOOGL,90.68705283027276,93.50968842844524,90.68705283027276,91.78659057617188,55278000
2021-01-28,MSFT,224.65193866409183,231.3549769497505,224.1561194390193,227.8175201416016,49111200
2021-01-29,AAPL,131.86504466490643,132.7484847880873,126.40910049090694,128.10801696777344,177523800
2021-01-29,GOOGL,90.83662096022836,91.50625144946868,89.22892586011437,90.50675964355467,44530000
2021-01-29,MSFT,225.014257951401,226.949842757254,220.59006203100665,221.17169189453125,42503100
2021-02-01,AAPL,129.84579582479762,131.42822035718712,127.10810539305974,130.2244110107422,106239800
2021-02-01,GOOGL,91.36013676541516,94.8741983355262,91.36013676541516,93.76129150390624,40252000
2021-02-01,MSFT,224.12747979806065,231.22145161037693,221.61979506921,228.5039978027344,33314200
2021-02-02,AAPL,131.7680267032869,132.33109823624255,130.68072432979122,131.0496368408203,83305400
2021-02-02,GOOGL,94.75485247351088,96.54976922322555,94.42003341193409,95.05152893066406,66332000
2021-02-02,MSFT,230.0773008751623,231.040321211228,227.5886896521305,228.37054443359372,25916300
2021-02-03,AAPL,131.79715512438477,131.806872704572,129.70991963118382,130.03028869628906,89880900
2021-02-03,GOOGL,102.30698592563262,104.3381569964161,99.7285172483929,101.9736557006836,97882000
2021-02-03,MSFT,228.42776099720072,233.69101888664,228.132166675749,231.6982269287109,27158100
2021-02-04,AAPL,132.3213529395916,133.3892346236449,130.66126198692473,133.37953186035156,84183100
2021-02-04,GOOGL,102.05983128209829,102.4897385374972,100.79585785059687,101.71363067626952,48596000
2021-02-04,MSFT,231.374034827884,231.92706112737068,229.19053318429755,230.75425720214844,25296100
2021-02-05,AAPL,133.53998407473009,133.60803459447885,132.09131060559002,132.96633911132812,75693800
2021-02-05,GOOGL,102.00733277006395,103.80918723346058,101.53384151160944,103.45703887939452,29866000
2021-02-05,MSFT,230.96404361998185,231.96521174500663,229.23822781496764,230.93544006347656,18054800
2021-02-08,AAPL,132.25660382908822,133.1608138714623,131.1773940055882,133.11219787597656,71297200
2021-02-08,GOOGL,104.01025941523054,104.75318983962504,102.19503607025077,103.2435531616211,28828000
2021-02-08,MSFT,231.84123772980857,232.34658659294607,229.61007317756625,231.19287109375,22211900
2021-02-09,AAPL,132.83023162868662,134.05528941674183,132.0816016865625,132.23715209960938,76774200
2021-02-09,GOOGL,102.76214943056924,103.93647605054652,102.52441377558988,102.79137420654295,21892000
2021-02-09,MSFT,230.62076272671877,233.3763499304873,230.1535616523339,232.43240356445312,23565000
2021-02-10,AAPL,132.69416020842388,133.19002274994102,130.67185580599127,131.6343994140625,73046600
2021-02-10,GOOGL,103.17521153407674,103.95479579411372,101.64477655178764,103.34063720703124,25102000
2021-02-10,MSFT,233.60518321229108,234.4823927666235,229.6863364956225,231.52658081054688,22186700
2021-02-11,AAPL,132.13017580944882,132.6065887223786,130.0592713492993,131.3815460205078,64280000
2021-02-11,GOOGL,103.56451419165847,103.71309424491233,102.46794654227034,103.45307159423828,20480000
2021-02-11,MSFT,233.3954787109024,233.7482656539832,230.8877932312996,233.1189727783203,15751100
2021-02-12,AAPL,130.6232339442829,131.77049447527503,129.98153830719173,131.61492919921875,60145100
2021-02-12,GOOGL,103.00830594107757,103.98550319284138,102.70122286478392,103.7641143798828,18990000
2021-02-12,MSFT,232.58496032734095,233.8912523722396,231.44077449132203,233.59567260742188,16561100
2021-02-16,AAPL,131.73156315096224,132.2371278628611,129.10644827799214,129.495361328125,80576300
2021-02-16,GOOGL,103.6016588245308,106.24599833126774,103.6016588245308,104.54022979736328,31004000
2021-02-16,MSFT,233.63383657810064,234.68268221946707,231.6219705199263,232.36569213867188,26728500
2021-02-17,AAPL,127.60917107594058,128.55226480330498,125.8785488379043,127.21054077148438,97918500
2021-02-17,GOOGL,103.71209816028708,105.1216889840316,103.43325740114106,104.93248748779295,20294000
2021-02-17,MSFT,230.6263097281633,233.48380348312867,230.26314413417265,233.3786773681641,21653500
2021-02-18,AAPL,125.61607603838664,126.39388754422444,123.87573596059904,126.1119384765625,96856700
2021-02-18,GOOGL,104.2579195625477,105.09941476379346,103.6799159118869,104.29803466796876,22546000
2021-02-18,MSFT,231.0850549171446,233.12065774190984,230.1867070550558,232.9868621826172,16925600
2021-02-19,AAPL,126.62720249840024,127.0841660828466,125.2271451192894,126.2674560546875,87668800
2021-02-19,GOOGL,104.3960992080234,104.93051126685964,103.18957781103884,103.45603942871094,37938000
2021-02-19,MSFT,232.94860131989128,233.053727425843,229.53679326705628,230.2917938232422,25262600
2021-02-22,AAPL,124.4590755242555,126.12164769737448,122.1159313080217,122.5048370361328,103916400
2021-02-22,GOOGL,101.71214116930174,103.03604540908852,101.43478165155308,101.7448272705078,29466000
2021-02-22,MSFT,226.8991396274444,227.38653460557697,222.10158820325069,224.1180877685547,36446900
2021-02-23,AAPL,120.32695270389084,123.19511800076138,115.10591153263684,122.3686981201172,158273000
2021-02-23,GOOGL,99.7503025439711,102.6482256079866,98.5734971842508,102.0350570678711,34658000
2021-02-23,MSFT,220.1232930210068,224.4238826563991,218.5941886509304,222.9330139160156,30228700
2021-02-24,AAPL,121.47422557501572,122.07702231944482,118.83940058972168,121.8728485107422,111039900
2021-02-24,GOOGL,100.54523187075476,103.43176569398656,100.4209188959251,103.20838928222656,22608000
2021-02-24,MSFT,219.81748539347333,224.7775015366936,218.85224710793744,224.15631103515625,26339700
2021-02-25,AAPL,121.22144819930789,122.952070827566,117.19629003176654,117.63380432128906,148199500
2021-02-25,GOOGL,101.82755508807736,103.16829754085796,99.3788557085443,99.84739685058594,41548000
2021-02-25,MSFT,221.7957964013625,224.19456504241063,217.7819147197483,218.8427276611328,39542200
2021-02-26,AAPL,119.18941742406,121.38672834698384,117.83797585116562,117.89631652832033,164560400
2021-02-26,GOOGL,100.54078932464888,101.85676582886522,99.10743003489144,100.142578125,40042000
2021-02-26,MSFT,221.2701494526982,224.93998302961117,219.3683275928716,222.08248901367188,37819200
2021-03-01,AAPL,120.31723727022784,124.38128647028812,119.38386807729292,124.24517059326172,116307900
2021-03-01,GOOGL,101.43477656294937,102.83297076146232,100.76217598741069,102.507568359375,26060000
2021-03-01,MSFT,225.44650726256447,226.94694251809523,222.8183685978213,226.4404296875,25324000
2021-03-02,AAPL,124.84797657824924,125.14937496490816,121.54228933610958,121.64923858642578,102260900
2021-03-02,GOOGL,102.26883517462322,103.74974598869451,101.86419259805125,102.25100708007812,25564000
2021-03-02,MSFT,226.5073102648569,226.784467587276,223.10506778464256,223.50645446777344,22812500
2021-03-03,AAPL,121.34783450228308,122.22287046374832,118.46021953832744,118.6741180419922,112966300
2021-03-03,GOOGL,101.63041426269442,102.8210800369822,98.76021959763636,99.62252044677734,33892000
2021-03-03,MSFT,221.87222352894128,223.2292968670752,217.18935003891932,217.4760589599609,34029500
2021-03-04,AAPL,118.37272563793532,120.17140622773192,115.32955269233916,116.79766082763672,178155000
2021-03-04,GOOGL,99.7938950813685,102.75174921117376,99.32634401579678,100.7379150390625,49216000
2021-03-04,MSFT,216.6924122694197,222.18761091263715,214.32229870294404,216.68284606933597,44727800
2021-03-05,AAPL,117.62408266255088,118.55745188502344,114.30867068121566,118.05187225341795,153766600
2021-03-05,GOOGL,102.08608191964105,104.31734469793712,100.43330643253846,103.86515045166016,53100000
2021-03-05,MSFT,219.34922125325087,222.93304647278703,216.4248222073289,221.3370513916016,41872800
2021-03-08,AAPL,117.57547079483328,117.6435287378886,112.986399726646,113.13224029541016,154376600
2021-03-08,GOOGL,103.22078363369144,104.69078901545105,99.31445083979884,99.42886352539062,36868000
2021-03-08,MSFT,221.1172120986216,223.0285853688386,217.06511009863868,217.31358337402344,35267400
2021-03-09,AAPL,115.72816384952438,118.6741119196786,115.49482341109125,117.73101806640624,129525800
2021-03-09,GOOGL,101.5214533376975,102.22327112991414,100.82061801783814,101.0563735961914,33920000
2021-03-09,MSFT,222.56032845718752,224.9495452618804,221.40394110736247,223.42044067382807,33080500
2021-03-10,AAPL,118.31439735247596,118.78107829664712,116.1365282204776,116.6518325805664,111943300
2021-03-10,GOOGL,102.09846248595429,102.09846248595429,100.01478970178172,100.84984588623048,27100000
2021-03-10,MSFT,226.49774377773664,226.49774377773664,221.75753141565505,222.1206970214844,29746800
2021-03-11,AAPL,119.14079423957098,119.79220694881543,117.8963020733253,118.5768814086914,103026500
2021-03-11,GOOGL,101.94095838451403,104.56845214725212,101.8532916229836,104.0370101928711,27702000
2021-03-11,MSFT,224.5481404903552,228.57157309890684,223.92693542163005,226.6219787597656,29907600
2021-03-12,AAPL,117.06015469929451,117.80879195023272,115.85455386939373,117.67267608642578,88105100
2021-03-12,GOOGL,102.84189255369952,102.9013245761048,100.6631239835968,101.5338363647461,33818000
2021-03-12,MSFT,223.64026135026475,225.37006669631376,222.8948268177677,225.30316162109372,22653700
2021-03-15,AAPL,118.04216378802695,120.5603151981738,117.07962044686742,120.55059051513672,92403800
2021-03-15,GOOGL,101.28519734362824,101.7809755596203,100.43380192738763,101.75373840332033,26168000
2021-03-15,MSFT,224.54816217518373,224.7679660415921,221.53774020361377,224.40480041503903,26034900
2021-03-16,AAPL,122.21314504308984,123.69098519524891,121.26033388239702,122.08675384521484,115227900
2021-03-16,GOOGL,102.32581138116078,104.68783399255634,101.9939699560557,103.2123794555664,31900000
2021-03-16,MSFT,225.80966043568304,229.42215512507744,225.4847304458189,227.17630004882807,28092200
2021-03-17,AAPL,120.60891318675552,122.36870224795844,118.9463412703685,121.2992172241211,111932600
2021-03-17,GOOGL,102.44862669920484,103.96073477582844,101.24260410401791,103.12964630126952,26382000
2021-03-17,MSFT,225.68541960258835,227.9790765462992,222.894816049636,226.53598022460935,29562100
2021-03-18,AAPL,119.471356811388,119.76303790222612,116.98237252920022,117.1865463256836,121229700
2021-03-18,GOOGL,101.443679570022,102.46248821624792,100.0073504319158,100.11433410644533,31700000
2021-03-18,MSFT,222.25447733162704,223.812251183883,220.1233002587038,220.4960174560547,34833000
2021-03-19,AAPL,116.57402966087284,118.06158696536843,116.36013117462356,116.66152954101562,185549500
2021-03-19,GOOGL,100.52988341440378,100.89193201423502,99.20251043547508,100.39268493652344,46072000
2021-03-19,MSFT,220.7827491455068,222.16849196675588,219.18675408019257,220.14244079589844,46430700
2021-03-22,AAPL,116.99210932461362,120.4339124312078,116.92405138540522,119.96722412109376,111912300
2021-03-22,GOOGL,100.42586541395332,101.4516042369059,99.75078605422549,100.57742309570312,33536000
2021-03-22,MSFT,220.0659723327752,226.40216500266615,219.9417283999428,225.53250122070312,30127000
2021-03-23,AAPL,119.90889482634996,120.79364806529564,118.75190240381558,119.14080810546876,95467100
2021-03-23,GOOGL,101.03606604781164,102.23267958449078,100.44420203085372,101.10441589355467,28510000
2021-03-23,MSFT,226.9660546794086,230.36829722374003,226.56466798871332,227.05206298828125,31638400
2021-03-24,AAPL,119.41303294328377,119.49081556265352,116.73931659895884,116.75875854492188,88530500
2021-03-24,GOOGL,101.62099516878692,102.40552953515974,100.49372155967626,100.66856384277344,25218000
2021-03-24,MSFT,227.3100762349969,227.4534233998896,224.89219016966655,225.02598571777344,25620100
2021-03-25,AAPL,116.22401924724316,118.2852141454854,115.6989976953015,117.24488830566406,98844700
2021-03-25,GOOGL,100.49621315872466,101.31789263996188,98.8637445252711,100.66510772705078,35616000
2021-03-25,MSFT,224.8730896144775,226.4404152623016,221.30838220851965,222.04425048828125,34061900
2021-03-26,AAPL,117.0115573482324,118.11021653249011,115.62122444554402,117.8477020263672,94071200
2021-03-26,GOOGL,100.63193424471524,101.00834970554835,99.24809899661292,100.28226470947266,27978000
2021-03-26,MSFT,221.28927982619132,226.2206271776896,221.28927982619132,226.0008087158203,25479900
2021-03-29,AAPL,118.27550253849374,119.17970518605571,117.3810245738276,118.02271270751952,80819200
2021-03-29,GOOGL,100.15495848510992,101.49471073771208,99.32733130172416,101.3253173828125,26492000
2021-03-29,MSFT,226.1059184494297,226.30661907775075,221.60464214728856,224.8157501220703,25227500
2021-03-30,AAPL,116.7782094597697,117.06016589541106,115.56288383257017,116.57403564453124,85671900
2021-03-30,GOOGL,101.68143348320557,102.16136368838866,100.84786611987286,101.35900115966795,27312000
2021-03-30,MSFT,223.18145873518932,223.4872854032766,220.85914762770196,221.57591247558597,24792000
2021-03-31,AAPL,118.2754893260196,120.09361168317854,117.78935908416813,118.7616195678711,118323800
2021-03-31,GOOGL,101.75176698502273,103.32975373421876,101.38525186813575,102.15393829345705,42570000
2021-03-31,MSFT,222.5890009792201,228.5047042029013,222.0920397938177,225.322265625,43623500
2021-04-01,AAPL,120.22973871260608,120.7353109160336,119.09218827381586,119.58804321289062,75089100
2021-04-01,GOOGL,103.62642953491095,105.78092353227542,103.58581563660896,105.48523712158205,39880000
2021-04-01,MSFT,227.9026030239824,232.0789491359086,227.50121636956897,231.6106719970703,30338000
2021-04-05,AAPL,120.43392024929994,122.66039785902176,119.65610882120376,122.40760803222656,88651200
2021-04-05,GOOGL,106.34554307628876,110.39897459955093,106.24945728036415,109.9021987915039,48510000
2021-04-05,MSFT,232.0025025067712,238.88345854528157,231.9451636368873,238.03289794921875,36910600
2021-04-06,AAPL,122.99094078154718,123.6034621640584,122.16452092387894,122.708984375,80171300
2021-04-06,GOOGL,109.50398600807344,110.349940034583,109.05179177903032,109.42176818847656,35240000
2021-04-06,MSFT,236.63755845370585,238.34823104299895,235.9399113222464,236.87648010253903,22931900
2021-04-07,AAPL,122.33954801322936,124.37156902257613,121.66868585332092,124.35212707519533,83466700
2021-04-07,GOOGL,109.6119524099536,111.16715311241757,109.6119524099536,110.89623260498048,24134000
2021-04-07,MSFT,236.8287139189972,239.8104516951834,236.23619284363235,238.8260955810547,22719800
2021-04-08,AAPL,125.37301298064794,126.7730707476214,124.95494800509044,126.74390411376952,88844600
2021-04-08,GOOGL,112.13298596606404,112.51881802721547,111.0933789237356,111.46088409423828,28664000
2021-04-08,MSFT,241.5689538675292,242.8782401027182,240.8330709564721,242.02767944335935,23625200
2021-04-09,AAPL,126.19942288071834,129.34953758105655,125.87857511762488,129.31065368652344,106686700
2021-04-09,GOOGL,111.21373406084967,112.62678638615232,110.80858509838885,112.46334075927734,26146000
2021-04-09,MSFT,241.66449426976965,244.6462467282904,241.2535559831444,244.512451171875,24326800
2021-04-12,AAPL,128.84397199003766,129.16481975117756,127.00640014752256,127.59947967529295,91420000
2021-04-12,GOOGL,111.64363209020448,111.78082301909598,110.34102489008666,111.17311096191406,25024000
2021-04-12,MSFT,243.42295735855123,246.2517963091157,243.3369344757324,244.5697784423828,27148700
2021-04-13,AAPL,128.76615452071883,130.9245735402874,128.27029228063316,130.70094299316406,91266500
2021-04-13,GOOGL,111.48860550102536,112.10672420770086,111.0953444876792,111.6589813232422,25682000
2021-04-13,MSFT,245.8599853759472,247.70445382432965,245.4490179032841,247.03546142578125,23837500
2021-04-14,AAPL,131.19681975522676,131.255153005102,128.0078068542404,128.36753845214844,87222800
2021-04-14,GOOGL,112.30286043860204,112.30286043860204,110.74716829600972,111.03888702392578,21002000
2021-04-14,MSFT,246.0702236664277,247.3603773878888,243.8530235078936,244.2639617919922,23070900
2021-04-15,AAPL,130.10788255759607,131.2551426089829,129.93286798631627,130.76901245117188,89347100
2021-04-15,GOOGL,112.03144329679716,113.71789487758596,111.49752247546816,113.18545532226562,29174000
2021-04-15,MSFT,246.50026676594956,248.4116401910308,246.30914692258776,248.00070190429688,25627500
2021-04-16,AAPL,130.57456189416538,130.93429345955573,129.58285222938275,130.43844604492188,84922400
2021-04-16,GOOGL,113.38308782309667,113.63073134194632,112.47572160727252,113.0616455078125,26282000
2021-04-16,MSFT,247.9720184237776,249.4342178445324,246.18488903899308,249.18572998046875,24878600
2021-04-19,AAPL,129.80648595127033,131.71212294052938,129.64120345679902,131.09959411621094,94264200
2021-04-19,GOOGL,112.43906809584608,114.118581978702,112.43906809584608,113.4088363647461,30290000
2021-04-19,MSFT,248.66011032775413,249.89295426523887,246.39513764707328,247.27435302734372,23209300
2021-04-20,AAPL,131.27463922976452,131.7704868284577,128.15367596540483,129.41761779785156,94812300
2021-04-20,GOOGL,113.79169020022796,113.8664790213956,111.79222285597992,112.87640380859376,22288000
2021-04-20,MSFT,246.3951236189633,248.669662369468,245.458540261332,246.8156280517578,19722900
2021-04-21,AAPL,128.6883918850069,130.03983329744375,127.65779819666872,129.79676818847656,68847100
2021-04-21,GOOGL,112.53168624708182,112.92543851394996,111.1830161489272,112.84371948242188,23204000
2021-04-21,MSFT,247.46557132071632,249.12845721467744,245.85045810625405,249.0328826904297,24030400
2021-04-22,AAPL,129.34952213608938,130.42873181562496,127.7647477103965,128.28004455566406,84566500
2021-04-22,GOOGL,112.69759060484722,113.36524098843968,110.96012614034063,111.56437683105467,24146000
2021-04-22,MSFT,248.67920736754328,250.1796423614676,244.31172709458372,245.77394104003903,25606200
2021-04-23,AAPL,128.4939686507075,131.37185181275385,128.4939686507075,130.59405517578125,78657500
2021-04-23,GOOGL,112.28156447737894,114.21912854433808,111.99677595604037,113.91254425048828,29066000
2021-04-23,MSFT,246.45247560871377,249.9216227814362,245.86949159186983,249.5775604248047,21462600
2021-04-26,AAPL,131.08990519751984,131.31352099303626,129.85513001828372,130.9829559326172,66905100
2021-04-26,GOOGL,114.1398636105011,115.13093628210778,113.7832564098237,114.4078140258789,32038000
2021-04-26,MSFT,250.06502536327488,250.81045994172908,248.6410612857112,249.9598846435547,19763300
2021-04-27,AAPL,131.26489090705445,131.65380402656527,130.38986235031263,130.66209411621094,66015800
2021-04-27,GOOGL,114.78919765815289,114.82981155365069,113.23052794560031,113.4692611694336,44386000
2021-04-27,MSFT,249.98852001000543,251.52719079897997,248.5932255615848,250.3612518310547,31014200
2021-04-28,AAPL,130.5842881537486,131.27459954530588,129.3884120504617,129.87454223632812,107760100
2021-04-28,GOOGL,118.4974139168918,120.42309000119248,116.5519296780215,116.8401870727539,81106000
2021-04-28,MSFT,244.73223532354257,245.1718722009615,241.7409458929233,243.27960205078125,46903100
2021-04-29,AAPL,132.68434594997711,133.26770798338265,128.7758559313907,129.77728271484375,151101000
2021-04-29,GOOGL,118.33544969698715,119.07491126211876,117.5736935678294,118.51028442382812,41234000
2021-04-29,MSFT,244.1397373356911,244.75137625676413,237.96599467202304,241.3204498291016,40589000
2021-04-30,AAPL,128.12451598324157,129.85513887109062,127.43421918268936,127.81340026855467,109839500
2021-04-30,GOOGL,117.28495822738344,117.96993800153318,116.22207421400664,116.56580352783205,44856000
2021-04-30,MSFT,238.6732026105505,241.8651927007953,238.53940705534927,241.00506591796875,30945100
2021-05-03,AAPL,128.37728825955,130.35099100560777,128.17312183322954,128.86341857910156,75135100
2021-05-03,GOOGL,117.13092405968727,117.9550824057856,115.67428774136816,116.04971313476562,28242000
2021-05-03,MSFT,242.1709696431713,243.0788835456617,239.9920054424337,240.69921875,19626600
2021-05-04,AAPL,127.55085108162372,127.84253218435018,123.18539631101322,124.30349731445312,137564700
2021-05-04,GOOGL,114.58711912501094,115.1537260493612,111.77042377433652,114.25428771972656,44818000
2021-05-04,MSFT,239.84870757177288,240.07807764415415,234.8695731306713,236.8096160888672,32756100
2021-05-05,AAPL,125.6160551149203,126.83138075425876,124.4201788397563,124.54657745361328,84000900
2021-05-05,GOOGL,115.33402873994945,115.64952331817432,114.32611780430196,114.6475601196289,26636000
2021-05-05,MSFT,238.0233052697771,238.44380971230865,234.9268899795364,235.54808044433597,21901300
2021-05-06,AAPL,124.34242498470246,126.15083054782626,123.60350474806587,126.14111328125,78128300
2021-05-06,GOOGL,114.22953206235076,115.7659149169922,113.57129819551469,115.7659149169922,25190000
2021-05-06,MSFT,235.52898404785157,238.787879191213,233.8469807073852,238.66363525390625,26491100
2021-05-07,AAPL,127.43639054602404,127.835683170004,126.1021210069998,126.8130874633789,78973300
2021-05-07,GOOGL,117.08039218520796,117.44491963692084,116.20224333213277,116.48802185058594,28898000
2021-05-07,MSFT,240.97638418935017,243.03111924686715,240.03981535072344,241.2726593017578,27032900
2021-05-10,AAPL,126.0339452787188,126.16054372317711,123.50176833952,123.5407257080078,88071200
2021-05-10,GOOGL,115.30973835851135,115.4513957524244,113.1502868665926,113.50739288330078,30914000
2021-05-10,MSFT,239.75312515895703,240.5750163296173,236.1692999233959,236.2266387939453,29299900
2021-05-11,AAPL,120.2781279910728,122.97586087179818,119.5671689854115,122.62525939941406,126142800
2021-05-11,GOOGL,111.0963461132312,112.9393056208691,110.64315426944027,112.43312072753906,34186000
2021-05-11,MSFT,233.71317897375303,235.67233957139493,231.82092344292948,235.3187255859375,33641600
2021-05-12,AAPL,120.18072314838844,121.38837175558096,119.06072304066647,119.56715393066406,112172300
2021-05-12,GOOGL,110.26029638420344,111.3395271618132,108.64714477876392,108.97551727294922,46376000
2021-05-12,MSFT,231.43862824513636,233.55070210291095,227.5203218318904,228.4091033935547,36684400
2021-05-13,AAPL,121.32996037075966,122.85900193405529,121.01830882379365,121.70978546142578,105861300
2021-05-13,GOOGL,110.25682362636596,110.91654623856547,109.29596568750368,110.40145111083984,33204000
2021-05-13,MSFT,231.08506841511087,234.7166811285529,230.72190276897973,232.26055908203125,29624300
2021-05-14,AAPL,122.95637735686638,124.55359227820216,122.5668111108522,124.12506866455078,81918000
2021-05-14,GOOGL,111.86255336958877,113.15921287683015,111.43957633181888,112.84519958496094,31996000
2021-05-14,MSFT,234.6975184933844,238.1379815260277,234.61151019865787,237.15362548828125,23901100
2021-05-17,AAPL,123.51151514879044,123.61864605940792,121.9045589198871,122.97586059570312,74244600
2021-05-17,GOOGL,112.1116638043097,113.40981196912315,111.71246264949934,113.36721801757812,21598000
2021-05-17,MSFT,235.6245472128188,235.66276826258544,232.728817820849,234.31524658203125,24970200
2021-05-18,AAPL,123.25829164809352,123.67707407576847,121.5247295992301,121.59290313720705,63342900
2021-05-18,GOOGL,114.03239767436696,114.2963879915566,112.04332196648303,112.05718994140624,22204000
2021-05-18,MSFT,235.35697738232508,235.4907729425289,232.1363031545397,232.30833435058597,20168000
2021-05-19,AAPL,119.94699632595916,121.66107596519278,119.65481977612976,121.43708038330078,92612000
2021-05-19,GOOGL,110.37124334606445,112.67729498890604,110.22315452655346,112.5044403076172,23684000
2021-05-19,MSFT,229.2335148838912,232.98845603876603,228.55341861359128,232.88308715820312,25739800
2021-05-20,AAPL,121.96299261493284,124.3880312073582,121.83637931031464,123.9887237548828,76857100
2021-05-20,GOOGL,113.47026285067192,114.51036109068448,113.09978760399687,114.26024627685548,32352000
2021-05-20,MSFT,233.68769674460555,237.50968232521,233.5919015513451,236.10157775878903,21800700
2021-05-21,AAPL,124.48540928959464,124.66071371547132,121.9434988295615,122.1577606201172,79295400
2021-05-21,GOOGL,114.77829654764196,114.85160409793224,113.3860425755212,113.6252670288086,40632000
2021-05-21,MSFT,237.14570923286777,237.87370305685576,234.434868777639,234.8467559814453,21863100
2021-05-24,AAPL,122.72263459381064,124.60228476604034,122.6544610613612,123.78419494628906,63092900
2021-05-24,GOOGL,114.65349484020088,117.1626160124388,114.50837610780434,116.93924713134766,31832000
2021-05-24,MSFT,237.35641332073013,240.5845242104696,237.08820432202637,240.22052001953125,21411500
2021-05-25,AAPL,124.48542900111524,124.9723924215316,123.02456103094238,123.58943176269533,72009500
2021-05-25,GOOGL,117.48206328477394,118.0764061145746,116.64007697943308,117.02986907958984,22440000
2021-05-25,MSFT,241.16885401983907,242.1075855706364,240.25885810514717,241.12095642089844,17704300
2021-05-26,AAPL,123.64785661375969,124.06663903705564,123.12194328471185,123.5407257080078,56575900
2021-05-26,GOOGL,117.21066184954668,118.32357639324336,117.20769175980286,117.89366912841795,21572000
2021-05-26,MSFT,240.84316413471052,242.28959272486048,240.19180354769117,240.9006500244141,17771600
2021-05-27,AAPL,123.1414527641177,124.3101443543249,121.8169316656909,122.01171112060548,94625600
2021-05-27,GOOGL,118.32655362746344,118.32655362746344,116.70251148048412,117.0204849243164,35224000
2021-05-27,MSFT,240.5941215551288,240.89106621746035,238.7549676903661,238.81243896484372,24426200
2021-05-28,AAPL,122.29412358918856,122.51812660764142,121.30073666690714,121.35916900634766,71311100
2021-05-28,GOOGL,117.60192576559648,117.683644787833,116.53359295302124,116.73170471191406,21482000
2021-05-28,MSFT,240.43123534348288,241.46576193477253,239.0518665550967,239.16680908203125,18270200
2021-06-01,AAPL,121.81690564628396,122.07985859728936,120.70664664362424,121.03777313232422,67637100
2021-06-01,GOOGL,117.60291564866245,118.16110350178715,116.60441394483908,117.93673706054688,23354000
2021-06-01,MSFT,240.6515985225494,240.7090697983866,236.561403484978,236.9828643798828,23213300
2021-06-02,AAPL,121.03778177713107,121.97273640244448,120.81378617886122,121.79743194580078,59278900
2021-06-02,GOOGL,118.33148554300686,118.55387193641818,116.50932431972744,117.41223907470705,21158000
2021-06-02,MSFT,237.68212307529703,238.77412110013952,235.48853873601223,236.88706970214844,19406700
2021-06-03,AAPL,121.42734431379968,121.59290756486408,119.91777779316642,120.31708526611328,76229200
2021-06-03,GOOGL,116.18095612229426,116.740134055278,115.37809480951424,116.2725830078125,18696000
2021-06-03,MSFT,234.8946406042707,235.96747662588672,232.76811590692853,235.364013671875,25307700
2021-06-04,AAPL,120.83325448650514,122.86873431142617,120.61899267015994,122.60577392578124,75169300
2021-06-04,GOOGL,117.34687118314812,118.82084435735165,117.00710198292332,118.5504150390625,24458000
2021-06-04,MSFT,237.3276864262583,241.0538915272168,237.08821305314711,240.2301025390625,25281100
2021-06-07,AAPL,122.87847726693604,123.02456555539771,121.5734387321586,122.6155242919922,71057600
2021-06-07,GOOGL,118.34585886059564,119.09225825527676,117.92783952826872,118.98279571533205,24120000
2021-06-07,MSFT,239.4541762505633,243.3911185153904,239.29133613453556,243.12290954589844,23079200
2021-06-08,AAPL,123.2972466766342,125.10873085926178,122.917421625064,123.43359375,74403800
2021-06-08,GOOGL,119.4637277374824,119.83568424252672,118.61034462609612,118.79161834716795,24240000
2021-06-08,MSFT,244.4160906173062,245.23030587769335,241.8776642631127,241.9351501464844,22455000
2021-06-09,AAPL,123.89133789579034,124.41725123885396,123.21933627459374,123.81342315673828,56877900
2021-06-09,GOOGL,119.4349854017198,119.50679656914164,118.7153320017432,119.26213073730467,17942000
2021-06-09,MSFT,243.1229386598986,244.7705165933857,242.54821134914607,242.9122009277344,17937600
2021-06-10,AAPL,123.70631691474892,124.84579976710832,122.65449744925095,122.82006072998048,71186400
2021-06-10,GOOGL,119.21160637217974,120.6519031702953,119.05608856847827,120.60881042480467,25904000
2021-06-10,MSFT,243.58271038731036,246.61923076287093,242.9888211464486,246.4084930419922,24563600
2021-06-11,AAPL,123.22909472039107,124.11535828283353,122.8103122273261,124.02770233154295,53522400
2021-06-11,GOOGL,120.8500260476855,120.93521395927316,119.8079402818054,120.3646469116211,21958000
2021-06-11,MSFT,247.1269244072011,247.60587113723253,245.80502675510013,247.0311584472656,18999700
2021-06-14,AAPL,124.48543994424124,127.1344745215217,123.75500589494465,127.07604217529295,96906500
2021-06-14,GOOGL,120.46667894424608,121.29182729577786,119.76040219746264,121.29133605957033,22098000
2021-06-14,MSFT,247.04067190224936,249.00437067245053,245.98698344416377,248.9468994140625,19150500
2021-06-15,AAPL,126.5501187512876,127.19290419262148,126.01446421684268,126.25794219970705,62746300
2021-06-15,GOOGL,121.2957827685943,121.61821508792151,119.91492539953478,120.2750015258789,21562000
2021-06-15,MSFT,248.831971777702,249.0427095066787,246.8299779687169,247.48133850097656,18038900
2021-06-16,AAPL,126.96890049704092,127.47533888931656,125.10873990323488,126.754638671875,91815000
2021-06-16,GOOGL,120.4260576459567,120.73710083598742,118.34387375463972,119.63409423828124,26472000
2021-06-16,MSFT,248.4775673978025,249.60787470899828,243.70726187295284,246.54263305664065,27220000
2021-06-17,AAPL,126.41373201590986,129.0919889871761,126.26763635559536,128.351806640625,96721700
2021-06-17,GOOGL,119.55980920462216,121.36760375769067,119.36416872070753,120.595947265625,25842000
2021-06-17,MSFT,245.28783056678435,250.7286594074443,245.2303592871896,249.91444396972656,27565500
2021-06-18,AAPL,127.30002703971456,128.0791446469785,126.84228727205333,127.05654907226562,108953300
2021-06-18,GOOGL,120.22299376263436,120.45676929158408,118.88374028868569,118.97883605957033,46116000
2021-06-18,MSFT,248.6978922715238,251.2554515276528,247.8549413204467,248.5063018798828,37202200
2021-06-21,AAPL,126.90071755171388,128.95567215813708,125.8391571973974,128.84854125976562,79663300
2021-06-21,GOOGL,119.36466939073664,120.85003164182754,118.76833886705938,120.66429901123048,27414000
2021-06-21,MSFT,248.87987034499417,252.42405838745256,247.05987873047917,251.5715484619141,26696100
2021-06-22,AAPL,128.6829675675103,130.58209255634193,128.18626305147518,130.4846954345703,74783600
2021-06-22,GOOGL,120.60238795397534,121.24626258391147,119.92285713304612,121.17741394042967,22390000
2021-06-22,MSFT,251.65773071950383,254.59847018705628,251.3511978455227,254.33026123046875,24694100
2021-06-23,AAPL,130.2802171084206,130.815871699919,129.75429628741554,130.2120361328125,60214200
2021-06-23,GOOGL,120.94263755669144,121.93519155602058,120.68608380354884,120.97582244873048,19148000
2021-06-23,MSFT,254.7900567334399,255.59468368349337,253.2957453643997,254.10037231445312,19518700
2021-06-24,AAPL,130.94244245203893,131.12748807728477,129.46209231078765,129.92958068847656,68711000
2021-06-24,GOOGL,121.54343344314708,121.89558179394284,121.1472098673998,121.34532165527344,21362000
2021-06-24,MSFT,254.95288899987943,256.5717310457353,254.2919402719225,255.4605712890625,21446900
2021-06-25,AAPL,129.9783416788571,130.39711683336412,129.3452897694589,129.63746643066406,70783700
2021-06-25,GOOGL,120.85003083307085,121.47706739414184,120.41913355136292,121.3537368774414,34594000
2021-06-25,MSFT,255.0199882803985,255.9970290931493,253.61188371439928,253.8609161376953,25611100
2021-06-28,AAPL,129.9296003283306,131.72159479819973,129.87116798746578,131.26385498046875,62111300
2021-06-28,GOOGL,121.52213249976508,121.62763492093326,120.2611367274445,121.3809814453125,28526000
2021-06-28,MSFT,254.9817121281609,257.5775957253318,254.71350307641555,257.4051818847656,19590000
2021-06-29,AAPL,131.28333809814853,132.92925172484664,130.84508067855094,132.77342224121094,64556100
2021-06-29,GOOGL,121.51420801698202,121.86140619474826,120.54394097768125,121.11995697021484,23108000
2021-06-29,MSFT,257.5488206535005,260.2117634140492,256.6963106394944,259.9722900390625,19937800
2021-06-30,AAPL,132.61764012227476,133.82529676069265,132.32546345128563,133.3870391845703,63261400
2021-06-30,GOOGL,120.84457681869864,121.10460702337018,120.21061007503955,120.93868255615234,24474000
2021-06-30,MSFT,259.29219771509827,259.9339699994056,258.2480972924599,259.49334716796875,21656500
2021-07-01,AAPL,133.03639973908412,133.7473514160783,132.218302275189,133.6889190673828,52485800
2021-07-01,GOOGL,120.57762097148525,121.4314952923276,120.38594816360798,121.29034423828124,18110000
2021-07-01,MSFT,258.2576514590782,260.393764479173,258.24809240227785,260.16387939453125,16725300
2021-07-02,AAPL,134.30245986108,136.34768102067733,134.1563790042736,136.30873107910156,78852600
2021-07-02,GOOGL,121.98918751815422,124.22193909928588,121.89954069361224,124.07682037353516,25982000
2021-07-02,MSFT,261.3324940154864,266.2943749941608,261.02596110039144,265.9591064453125,26458000
2021-07-06,AAPL,136.415876793308,139.4155130237445,136.415876793308,138.31500244140625,108181800
2021-07-06,GOOGL,124.46414196993972,125.23629728290412,123.40818815923684,125.00054168701172,26404000
2021-07-06,MSFT,266.3231659674658,267.6067399294796,262.7502121878958,265.96875,31565600
2021-07-07,AAPL,139.7953189039971,141.11010601971827,138.93828646790567,140.7984619140625,104911600
2021-07-07,GOOGL,125.96337112785648,126.08421522849032,124.96387932066273,125.28185272216795,24060000
2021-07-07,MSFT,267.63532320325874,268.87101347311267,265.48006375314424,268.1430053710937,23260000
2021-07-08,AAPL,137.88647618396286,140.30177401839643,137.00021261100082,139.503173828125,105575500
2021-07-08,GOOGL,122.85693146563722,124.41163354428006,122.85297134620517,123.8653335571289,23790000
2021-07-08,MSFT,265.240707232049,266.99366872665394,263.2961845748827,265.73883056640625,24618600
2021-07-09,AAPL,139.0259083953203,141.8502466496084,138.9285112717733,141.3243408203125,99890800
2021-07-09,GOOGL,123.8465172627186,124.54932511010205,123.37747738496,124.33536529541016,18632000
2021-07-09,MSFT,264.1103833296634,266.3422622068924,263.72723179599774,266.2369079589844,23916700
2021-07-12,AAPL,142.39566628334748,142.5027971874123,140.24331443285035,140.7302703857422,76299700
2021-07-12,GOOGL,124.98864973435082,125.87174882862908,124.42699293647514,125.77863311767578,17668000
2021-07-12,MSFT,267.4055564436705,267.9898574546222,264.93417481129705,265.6430358886719,18931700
2021-07-13,AAPL,140.2725467114718,143.6130726595418,139.882987848704,141.84054565429688,100827100
2021-07-13,GOOGL,125.84102901344178,126.8504211059645,125.4804616609444,126.14117431640624,19240000
2021-07-13,MSFT,265.8346535119341,270.9402433879178,265.71015188424843,269.14898681640625,26120100
2021-07-14,AAPL,144.23636128185524,145.66801299296932,143.8273051980656,145.2589569091797,127050800
2021-07-14,GOOGL,126.75186691075336,128.10747473295962,126.70877416099604,127.02823638916016,23742000
2021-07-14,MSFT,270.4612354852631,271.71607363125577,268.7370096462592,270.614501953125,23113700
2021-07-15,AAPL,145.3466432583112,146.08681108461445,143.2527233830004,144.60646057128906,106820300
2021-07-15,GOOGL,127.43636220289176,127.48687640049349,125.3373325394716,125.80785369873048,24218000
2021-07-15,MSFT,270.12587385249594,270.6144087234632,268.04723281193424,269.1967163085937,22604200
2021-07-16,AAPL,144.58698895603396,145.85306272785598,142.07429409288326,142.57098388671875,93251400
2021-07-16,GOOGL,126.45964664733984,126.60674543075577,124.96437663114637,125.77317810058594,20424000
2021-07-16,MSFT,270.1930459111412,272.1375686860977,267.6929284961445,268.9286193847656,26186800
2021-07-19,AAPL,139.9998686480134,140.31152766267098,137.9741296348984,138.73377990722656,121434600
2021-07-19,GOOGL,124.9009824416762,125.0153951307598,122.34084076103704,123.40373229980467,27968000
2021-07-19,MSFT,267.1852698159811,268.56463901594384,262.893924956181,265.3461303710937,32935600
2021-07-20,AAPL,139.71739371398104,143.26243208036362,139.2304378127707,142.3372039794922,96350000
2021-07-20,GOOGL,124.34427344891768,125.84549123943629,123.1783734803258,125.01985168457033,26312000
2021-07-20,MSFT,266.3231470052684,269.13935642812294,264.6276859170567,267.558837890625,26259700
2021-07-21,AAPL,141.73344012262586,142.31779338215424,140.85692509405402,141.60682678222656,74993500
2021-07-21,GOOGL,124.944563566941,126.393279539342,124.83559982340272,126.3467254638672,20746000
2021-07-21,MSFT,267.1564748931921,269.66615103181897,265.61428048456565,269.5512084960937,24364300
2021-07-22,AAPL,142.13269584600698,144.33373124740575,142.006082551789,142.9702606201172,77338200
2021-07-22,GOOGL,126.63894259015407,127.27191930760112,126.29719335532684,127.21099090576172,14302000
2021-07-22,MSFT,271.88850209711006,274.3598838297518,271.48620317580924,274.0916748046875,23384100
2021-07-23,AAPL,143.700726126391,144.8402014430063,143.0871567787064,144.6843719482422,71447400
2021-07-23,GOOGL,129.20104334300564,132.1415677244084,128.57699207370425,131.7611846923828,41506000
2021-07-23,MSFT,275.2699104262512,277.779587266143,274.4365475767936,277.4730834960937,22768100
2021-07-26,AAPL,144.4019164234274,145.92121655552194,143.8467795270844,145.10313415527344,72434100
2021-07-26,GOOGL,132.07172307221302,132.97165246189886,131.05439581609193,132.7715606689453,30572000
2021-07-26,MSFT,276.83114535151964,277.49209402331843,274.5705313449942,276.8790283203125,23176100
2021-07-27,AAPL,145.22975487472473,145.31741825019225,141.7528967098648,142.94107055664062,104818600
2021-07-27,GOOGL,132.98506156052375,133.13216035210118,128.87764673138182,130.65670776367188,54710000
2021-07-27,MSFT,277.2431201263009,277.3867983107101,271.03598869909524,274.4748229980469,33604100
2021-07-28,AAPL,141.03222113566045,143.135875021886,138.82143631465345,141.19778442382812,118931200
2021-07-28,GOOGL,135.02710463212827,136.9933944090336,134.00235582166118,134.8111572265625,95130000
2021-07-28,MSFT,276.82165916338664,277.9328192354718,271.87892473208046,274.1683044433594,33566900
2021-07-29,AAPL,140.91533220968486,142.72680915691933,140.80820129331602,141.84054565429688,56699500
2021-07-29,GOOGL,134.86663652248504,135.37282138017332,134.26536345852853,134.49765014648438,31716000
2021-07-29,MSFT,274.187400760919,276.467191757566,274.0341343071643,274.4364624023437,18168300
2021-07-30,AAPL,140.61343902803458,142.51256472212955,140.35047859016916,142.05482482910156,70440600
2021-07-30,GOOGL,133.7621677510973,134.0291281776654,132.98952121699546,133.45657348632812,25576000
2021-07-30,MSFT,273.1625138234118,274.5897658444149,271.95555860787897,272.9134521484375,20944800
2021-08-02,AAPL,142.5417457565108,143.11635020883497,141.4607029570404,141.72366333007812,62880000
2021-08-02,GOOGL,133.84339668549805,134.06082538942997,132.53286916754786,133.5833740234375,21634000
2021-08-02,MSFT,274.3023136016928,274.69505336581767,271.7926378123629,272.8271789550781,16267400
2021-08-03,AAPL,142.00610422671278,144.17792379335657,141.3925349204239,143.5156707763672,64786600
2021-08-03,GOOGL,133.8612180697714,134.4525908952914,132.0628400817748,134.3515625,20762000
2021-08-03,MSFT,273.401963651149,275.13574847156286,272.041742078418,275.0303649902344,17879000
2021-08-04,AAPL,143.4280530784273,143.93447671996634,142.46387465578823,143.11639404296875,56368300
2021-08-04,GOOGL,134.07370952688115,134.37088477508493,133.2193363564058,133.85182189941406,19676000
2021-08-04,MSFT,274.1682781399353,275.48058755485204,272.6643783324015,274.4460754394531,16191300
2021-08-05,AAPL,143.14562649204402,143.98319166914823,142.35675990235612,143.22354125976562,46397700
2021-08-05,GOOGL,134.40156148083773,135.06476051712352,133.57492439775388,134.96717834472656,17870000
2021-08-05,MSFT,274.8004613109347,277.4346681421628,274.0533056335625,277.32928466796875,13900200
2021-08-06,AAPL,142.7455754592538,143.48685218422662,142.0433070322341,142.54074096679688,54126800
2021-08-06,GOOGL,134.7596665363423,135.1861048665177,133.93550829754662,134.45901489257812,20488000
2021-08-06,MSFT,276.3618692799431,277.31017451192804,275.5093300140489,277.2718505859375,16589300
2021-08-09,AAPL,142.59925003312128,143.08693557693016,141.93600483737242,142.49195861816406,48908700
2021-08-09,GOOGL,134.66111011940453,135.8909085803364,134.0637820295164,135.62245178222656,17760000
2021-08-09,MSFT,277.5496749205149,279.27387173431777,275.6913589689798,276.189453125,16117600
2021-08-10,AAPL,142.83333089104443,144.072056221946,141.72140855204836,142.01402282714844,69023100
2021-08-10,GOOGL,136.04741694474782,136.473870441245,135.0791374579999,135.51747131347656,19414000
2021-08-10,MSFT,276.6396738152466,277.0707376498312,273.19128006894726,274.3790588378906,18616600
2021-08-11,AAPL,142.45296206335397,143.10645895995768,141.94576488875748,142.26763916015625,48493500
2021-08-11,GOOGL,135.88841987989014,136.38468931368453,134.98699398238975,134.9944305419922,15352000
2021-08-11,MSFT,275.1165861447633,276.50554342388034,273.82342406292844,274.8675537109375,13955900
2021-08-12,AAPL,142.5894781590122,145.37903960476112,142.24809238146725,145.2229766845703,72282600
2021-08-12,GOOGL,134.69379757446927,136.00582150263867,134.14899393327093,135.90081787109375,16506000
2021-08-12,MSFT,274.56099216059465,277.76035263480225,274.28319488720257,277.6070861816406,14561300
2021-08-13,AAPL,145.30103817728678,145.75946379823836,144.6182813640554,145.42784118652344,59375000
2021-08-13,GOOGL,135.9562830728058,136.55707249857926,135.7413332281866,136.4292755126953,15948000
2021-08-13,MSFT,277.29097757297944,280.5669564608098,277.118534553158,280.5190734863281,18249000
2021-08-16,AAPL,144.88161214330344,147.46635440777192,142.8626017681946,147.3980712890625,103296000
2021-08-16,GOOGL,136.2286625169242,137.0582771843094,134.0236471850214,137.00576782226562,22384000
2021-08-16,MSFT,280.84477083854165,282.40614177195425,277.80823587058995,282.1954040527344,22507600
2021-08-17,AAPL,146.52997508674613,147.94426000150526,145.41805278817236,146.490966796875,92229700
2021-08-17,GOOGL,136.45154686984998,136.96219058797556,134.7992704252851,135.37330627441406,21716000
2021-08-17,MSFT,280.0785212338577,281.07470952149254,278.8236537350814,280.73944091796875,20075300
2021-08-18,AAPL,146.1106045300614,147.00794422226895,142.55049082276733,142.7553253173828,86326000
2021-08-18,GOOGL,135.21337537031985,135.81218483734722,134.0459863611472,134.1722869873047,19258000
2021-08-18,MSFT,280.2787245962156,282.94676489700373,278.579988799018,279.021484375,21813000
2021-08-19,AAPL,141.45807654722455,144.35493005036025,140.94113102889904,143.08694458007812,86960300
2021-08-19,GOOGL,133.1683011135584,135.06722357653223,132.98454856339302,134.40106201171875,21782000
2021-08-19,MSFT,277.0636542331081,285.490058075922,277.01567958739867,284.8182373046875,29850500
2021-08-20,AAPL,143.8087395067066,144.84263065061194,143.16499090967656,144.54026794433594,60549600
2021-08-20,GOOGL,134.71807944858094,136.25743246754152,133.97514886338655,136.1341094970703,31194000
2021-08-20,MSFT,287.6494504032282,293.5229764433976,286.0562996654451,292.1025695800781,40817600
2021-08-23,AAPL,144.65729855503196,146.4910011515847,144.24764444190524,146.0228271484375,60131800
2021-08-23,GOOGL,136.66902073363573,139.54663749004254,136.31043336755596,138.72149658203125,28454000
2021-08-23,MSFT,291.0372472733272,293.1006547103833,289.6936351716544,292.380859375,22830200
2021-08-24,AAPL,145.76920152361467,147.1444782861979,145.47658722985506,145.9350128173828,48606400
2021-08-24,GOOGL,139.28609523311977,140.74075898991882,139.01567348257018,139.9299774169922,19268000
2021-08-24,MSFT,292.73598718389235,293.3406200208981,289.8376215126441,290.4326477050781,18175800
2021-08-25,AAPL,146.12033978338724,146.6177885615759,144.15984926147306,144.7060546875,58991300
2021-08-25,GOOGL,140.29004594584055,140.84922389330168,140.04340002756325,140.73976135253906,15848000
2021-08-25,MSFT,292.0449832645035,292.32331236094075,288.3212662286274,289.84722900390625,20006100
2021-08-26,AAPL,144.6962977745989,145.44732274946605,143.8769748010463,143.90623474121094,48597200
2021-08-26,GOOGL,140.41386126677486,141.075065164361,140.02456037327326,140.10728454589844,20610000
2021-08-26,MSFT,288.8682755956676,290.25028508302194,286.9104532290402,287.0447998046875,17666100
2021-08-27,AAPL,143.847714105832,145.08643947056316,143.21372889495123,144.9401397705078,55802400
2021-08-27,GOOGL,140.31728540087127,143.15032775638406,140.1632488403668,142.64662170410156,28780000
2021-08-27,MSFT,286.9487722765945,288.7530637599789,284.87575839920896,287.6493835449219,22605700
2021-08-30,AAPL,145.33029180641267,149.70971334019745,144.9498976782118,149.34881591796875,90956700
2021-08-30,GOOGL,143.03890505074344,144.59461255690007,142.8041394545751,143.2276153564453,24434000
2021-08-30,MSFT,288.99305899463644,291.96821926723266,288.935477703884,291.36358642578125,16348100
2021-08-31,AAPL,148.90015120519527,149.03670255975587,147.56388271808643,148.09059143066406,86453100
2021-08-31,GOOGL,143.77882866881686,143.80308817598126,142.92099435753386,143.33355712890625,22448000
2021-08-31,MSFT,292.16018861273085,292.2369539074186,289.3577720955228,289.72247314453125,26285300
2021-09-01,AAPL,149.06597111930256,151.1630130890743,148.58803390921838,148.75384521484375,80313700
2021-09-01,GOOGL,143.63321113945034,144.87538859578518,143.5178084371662,143.8466796875,21936000
2021-09-01,MSFT,290.6725629329241,292.8991369938273,289.3481347537912,289.6744384765625,18983800
2021-09-02,AAPL,150.08033599159282,150.9094073223183,148.6465393833382,149.86575317382812,71115500
2021-09-02,GOOGL,143.84718882858917,144.14782535950548,141.8353273499022,141.93637084960938,32342000
2021-09-02,MSFT,290.02961237848854,291.14287031326114,288.0909444169398,289.0218811035156,16285600
2021-09-03,AAPL,149.9730471583683,150.8216300915499,149.31955034140017,150.499755859375,57808700
2021-09-03,GOOGL,141.73182815855947,142.79619338912647,141.05822998053367,142.38461303710938,19850000
2021-09-03,MSFT,288.8682855530755,290.41346160185293,288.1677034296273,289.01226806640625,14747900
2021-09-07,AAPL,151.15326259436534,153.38685589495006,150.58754556278473,152.83090209960938,82278300
2021-09-07,GOOGL,142.4787218019784,143.20233539694476,142.26525322192012,142.92051696777344,20124000
2021-09-07,MSFT,288.8875324668998,288.96429776620096,286.1907010174333,288.0909423828125,17180400
2021-09-08,AAPL,153.1137802396808,153.17230013553674,150.1876663830064,151.2898406982422,74420200
2021-09-08,GOOGL,142.74171960601453,143.03887971437993,141.65208215880904,142.33656311035156,18344000
2021-09-08,MSFT,287.70704475507114,288.50360551584674,285.49007706649724,288.1197204589844,15046800
2021-09-09,AAPL,151.66046161317462,152.2651869482361,150.15838174591684,150.2754364013672,57305700
2021-09-09,GOOGL,142.48468001243273,142.9502510692225,141.82793491738968,142.18800354003906,15314000
2021-09-09,MSFT,288.70522581128586,289.97207310645393,285.03905983067443,285.27899169921875,19927000
2021-09-10,AAPL,151.18254333907822,151.6507173705701,145.03770150418336,145.30105590820312,140893200
2021-09-10,GOOGL,142.8531480802231,143.35439037839083,139.41141126513372,139.54811096191406,36840000
2021-09-10,MSFT,286.40184654237044,287.84143755665605,283.48426721928973,283.80096435546875,19633400
2021-09-13,AAPL,146.9201475258426,147.69068411470718,145.0864451705449,145.8667449951172,102404300
2021-09-13,GOOGL,140.61145943021154,141.60253209663824,139.91855953583567,140.99085998535156,22094000
2021-09-13,MSFT,285.56683334808685,286.51698324787736,282.2365785977501,285.0293884277344,23652900
2021-09-14,AAPL,146.64704249063803,147.34931083330153,143.29176371635268,144.47195434570312,109296300
2021-09-14,GOOGL,141.6476195524205,142.01166334811575,140.4138609963223,141.20086669921875,19674000
2021-09-14,MSFT,287.49595746113624,289.252275126054,286.0947635611374,287.7167053222656,21853400
2021-09-15,AAPL,144.90114769505237,145.7594791408811,142.76508231790012,145.3595733642578,83281300
2021-09-15,GOOGL,141.42575387169356,143.08892868043932,140.0151803025875,143.06813049316406,27408000
2021-09-15,MSFT,291.0468952158528,293.02393100782655,289.66488563272827,292.5440673828125,28356300
2021-09-16,AAPL,144.7840715894616,145.30101702156867,143.5941177955223,145.1254425048828,68034100
2021-09-16,GOOGL,142.5936380176859,142.9398462062895,141.05924272119626,142.25634765625,26190000
2021-09-16,MSFT,291.52681517817695,293.0143809877708,288.6476328716932,292.9280090332031,19550800
2021-09-17,AAPL,145.15475696069768,145.15475696069768,142.1701084259335,142.4627227783203,129868800
2021-09-17,GOOGL,141.6823142083568,142.09785473193486,139.14594808151912,139.47283935546875,53384000
2021-09-17,MSFT,291.9202715592397,292.23696868760265,287.4671227397801,287.7934265136719,41372500
2021-09-20,AAPL,140.25834475382314,141.2727239872893,137.7906574556132,139.41952514648438,123478900
2021-09-20,GOOGL,136.85921770820505,137.68981515040883,135.0370635836965,137.41195678710938,46518000
2021-09-20,MSFT,284.39590711591853,286.68966885034547,277.8601681732073,282.4476623535156,38278700
2021-09-21,AAPL,140.38514645685206,141.03865814980705,139.2634757155347,139.8974609375,75834000
2021-09-21,GOOGL,138.4321958220038,138.69173475427118,136.97456979718643,137.7224578857422,25332000
2021-09-21,MSFT,283.78175309872546,285.5572543702067,282.22699963878074,282.9275817871094,22364100
2021-09-22,AAPL,140.89236024826914,142.82359096635926,140.16083188261564,142.2578887939453,76404300
2021-09-22,GOOGL,137.99092214087034,139.55899341584305,137.24551278316375,138.961181640625,25056000
2021-09-22,MSFT,284.77985651789885,288.12929500202966,282.6492610078595,286.5553283691406,26626300
2021-09-23,AAPL,143.03818581433492,143.45760318499043,142.05306622379317,143.21376037597656,64838200
2021-09-23,GOOGL,139.65857166387786,140.36088835168275,139.07809668102067,139.88491821289062,20952000
2021-09-23,MSFT,286.8144515647207,288.7818804171432,285.54760475520084,287.495849609375,18604600
2021-09-24,AAPL,142.0725514999574,143.8379707289355,141.97500844122595,143.301513671875,53477900
2021-09-24,GOOGL,139.21378542182566,140.9889014490048,138.91908904507557,140.87448120117188,22984000
2021-09-24,MSFT,286.2194826708354,287.72623226962907,284.9718196101101,287.2943725585937,14999000
2021-09-27,AAPL,141.8872464401241,142.36518367517027,140.2778899497781,141.78970336914062,74150700
2021-09-27,GOOGL,139.47726820093547,140.60058167299186,138.7472157143195,139.74224853515625,21882000
2021-09-27,MSFT,284.21360059113965,284.53029765067646,281.14246212180564,282.32293701171875,23571700
2021-09-28,AAPL,139.72194150586213,141.1849984849811,138.20036462885602,138.41494750976562,108972300
2021-09-28,GOOGL,137.34803586719997,137.7853721088004,134.08409637223073,134.54966735839844,45772000
2021-09-28,MSFT,278.12895381807755,279.0694970956445,271.3628882146194,272.10186767578125,43186200
2021-09-29,AAPL,138.9611368887371,140.89236770909372,138.53197117688373,139.31227111816406,74602000
2021-09-29,GOOGL,135.6888354361308,135.85822880609126,132.60320680070598,133.08709716796875,30848000
2021-09-29,MSFT,273.6181750458724,275.22090274300496,271.6123491195883,272.5624694824219,26353700
2021-09-30,AAPL,140.12183534910463,140.82410382973063,137.80044704464729,138.01502990722656,89056700
2021-09-30,GOOGL,132.9959304531151,134.26484619084297,132.29707531083466,132.4159393310547,37996000
2021-09-30,MSFT,274.20359797070336,276.238214561648,270.2783179837312,270.5662536621094,32343600
2021-10-01,AAPL,138.40515987182454,139.40004260947205,135.68388091891475,139.13668823242188,94639600
2021-10-01,GOOGL,133.18019830322703,135.61999474858516,132.80923183052033,135.25595092773438,35360000
2021-10-01,MSFT,270.7582465838053,278.301717984921,269.96168585473896,277.4571533203125,30086300
2021-10-04,AAPL,138.26861784072736,138.70754679310303,134.8645818313905,135.71315002441406,98322000
2021-10-04,GOOGL,134.67893341555128,134.67893341555128,129.8147276953452,132.39962768554688,51202000
2021-10-04,MSFT,275.82561222271863,276.16152262576014,268.96356808295144,271.7083740234375,31350700
2021-10-05,AAPL,136.0545166576062,138.73678711480215,135.9277136552574,137.63461303710938,80861100
2021-10-05,GOOGL,132.77754737931195,135.9310423000805,132.77754737931195,134.74085998535156,32404000
2021-10-05,MSFT,272.6104927683687,278.70476619683035,272.6104927683687,277.1308288574219,24993000
2021-10-06,AAPL,136.035013031244,138.64900052233625,134.96209883237336,138.50270080566406,83221100
2021-10-06,GOOGL,133.4798274575008,136.45154903354904,133.28171570875574,136.26829528808594,24364000
2021-10-06,MSFT,274.27078634672546,281.80464930436574,274.0116705954445,281.3055725097656,28002600
2021-10-07,AAPL,139.53659409609236,140.66802820004892,139.20497147758243,139.76092529296875,61732700
2021-10-07,GOOGL,137.58278984045617,138.72195890614324,137.3440641883344,137.91265869140625,25110000
2021-10-07,MSFT,283.29225249177205,284.69347521548,282.08301620161416,282.9755554199219,20430500
2021-10-08,AAPL,140.48269778280476,140.62899749402928,139.04890108087716,139.38052368164062,58773200
2021-10-08,GOOGL,138.26133433756362,139.00822490974625,137.9052259091704,138.46788024902344,26526000
2021-10-08,MSFT,284.29037692639525,284.69347521548,281.9294563433223,282.9755554199219,17685700
2021-10-11,AAPL,138.76604603984862,141.24348200456123,138.31736879996546,139.29273986816406,64452200
2021-10-11,GOOGL,137.97907249919035,139.38568608667256,137.55014007437686,137.60462951660156,17954000
2021-10-11,MSFT,281.12334424926865,285.96995558239155,280.96017771512624,282.3805847167969,19298600
2021-10-12,AAPL,139.70242001460875,139.72193160685052,137.56635459515326,138.0247802734375,73035900
2021-10-12,GOOGL,138.1652623909544,138.19201587064128,134.48032576565427,135.162841796875,36332000
2021-10-12,MSFT,283.4458821015579,283.5418606976777,280.57630659547624,281.0849609375,17974100
2021-10-13,AAPL,137.76143421982243,137.9174823014052,135.77166862906188,137.43955993652344,78762700
2021-10-13,GOOGL,136.1073286205011,136.6992001618353,135.23215741372877,136.28514099121094,19654000
2021-10-13,MSFT,283.0331577701654,285.307706593833,281.67033223174053,284.37677001953125,23416300
2021-10-14,AAPL,138.60998871817293,140.3363997461316,138.024760100328,140.21934509277344,69907100
2021-10-14,GOOGL,138.1593012632748,140.00523062194034,137.51641675537215,139.82049560546875,31894000
2021-10-14,MSFT,287.16002147005213,291.0565122938527,285.8355929980948,290.5574645996094,27262900
2021-10-15,AAPL,140.22909633879294,141.33125547588753,139.97549034735292,141.27273559570312,67940300
2021-10-15,GOOGL,140.27964359990548,140.38216837162227,139.4282481493286,140.03546142578125,30274000
2021-10-15,MSFT,290.1638722349593,292.18891153668244,288.4171619780037,291.95855712890625,25384800
2021-10-18,AAPL,139.9170017643,143.2235096811566,139.63415065247935,142.94065856933594,85589200
2021-10-18,GOOGL,139.74672063679765,141.4500103351122,139.7397828702763,141.4321746826172,20396000
2021-10-18,MSFT,291.34445521764906,295.7975751445461,290.49989041550754,294.9146423339844,22729300
2021-10-19,AAPL,143.38932223477877,145.4961277086073,142.94065979384268,145.09622192382812,76378900
2021-10-19,GOOGL,142.03591966092392,142.30833656697075,141.2558517419221,141.8868408203125,20164000
2021-10-19,MSFT,295.9319350570906,296.84365846900545,294.8474384623916,295.8167724609375,17682100
2021-10-20,AAPL,145.03770255984122,146.0618453536086,144.4719854463032,145.5839080810547,58418800
2021-10-20,GOOGL,141.98687359411255,142.19292069612473,140.04386090950544,140.4326629638672,23288000
2021-10-20,MSFT,296.7572826531341,297.22756896603414,293.7821220408967,295.02978515625,16537100
2021-10-21,AAPL,145.14499547046705,145.95455540585698,144.22814410067642,145.79849243164062,61421000
2021-10-21,GOOGL,140.4326824733916,140.81604319627527,139.1756468498999,140.548583984375,26292000
2021-10-21,MSFT,294.7994856279611,298.49441277839924,294.0220794692839,298.2449035644531,16918100
2021-10-22,AAPL,146.0033099939033,146.481232332848,144.97916730862042,145.02793884277344,58883400
2021-10-22,GOOGL,137.83836064745896,139.25785180366452,134.77353061581803,136.26979064941406,50588000
2021-10-22,MSFT,297.89931136627246,298.5615254647834,295.40401483593905,296.7092590332031,17449300
2021-10-25,AAPL,145.0181647887637,145.69117321411855,143.98427382696465,144.97915649414062,50720600
2021-10-25,GOOGL,136.25343892863123,136.69919414742475,134.147471866324,136.1514129638672,34412000
2021-10-25,MSFT,296.9012405800904,296.939637875098,294.11803710740327,295.7207946777344,17554500
2021-10-26,AAPL,145.65218915043056,147.1249943659197,145.34006320959406,145.64244079589844,60893400
2021-10-26,GOOGL,137.95081782575454,138.76258192048442,137.000857642727,137.99539184570312,49236000
2021-10-26,MSFT,298.47520410987,299.8188165343258,296.1718643410095,297.6210327148437,28107300
2021-10-27,AAPL,145.68143968000115,146.04232225315448,144.83287151805337,145.1840057373047,56094900
2021-10-27,GOOGL,138.0909634675946,147.24881500925127,138.0909634675946,144.83924865722656,85782000
2021-10-27,MSFT,303.2738027325777,312.9670535510442,303.2738027325777,310.1550598144531,52588700
2021-10-28,AAPL,146.13007740006395,149.39756103040455,146.03253435552523,148.81234741210938,100077900
2021-10-28,GOOGL,145.74761793016637,145.77089496837942,143.26374634339527,144.47422790527344,36206000
2021-10-28,MSFT,311.2683538472866,311.78661480927093,308.41796248920383,311.2875671386719,26297900
2021-10-29,AAPL,143.59413644564216,146.2471470636249,142.804088225394,146.110595703125,124953200
2021-10-29,GOOGL,143.7105168902918,146.8446948964138,143.28605853476833,146.65054321289062,43320000
2021-10-29,MSFT,311.0764222231841,318.6294715771116,310.8556743947785,318.2647705078125,34766000
2021-11-01,AAPL,145.3205654883688,146.01307072992742,144.1598713388164,145.2913055419922,74588300
2021-11-01,GOOGL,146.65055773793463,146.65055773793463,141.87548389763697,142.14442443847656,46924000
2021-11-01,MSFT,318.0151944565091,318.1399636800593,313.2261650477916,316.1053466796875,27073200
2021-11-02,AAPL,144.99868985144568,147.8370236875447,144.98892661408803,146.3251953125,69122000
2021-11-02,GOOGL,143.21668904679433,145.22705422331256,142.97498573084604,144.0616455078125,33482000
2021-11-02,MSFT,317.00752073679007,320.02107850414706,316.7100076181724,319.7139587402344,26487100
2021-11-03,AAPL,146.68608830895576,148.2271767394299,146.1301344105293,147.75900268554688,54511500
2021-11-03,GOOGL,144.52523624092677,145.28650117069887,143.22808554087496,145.21617126464844,27494000
2021-11-03,MSFT,320.4529105811408,321.4126377941951,317.3337971387141,320.54888916015625,21500100
2021-11-04,AAPL,147.84677558220335,148.6758322133497,146.92992422765454,147.24205017089844,60394600
2021-11-04,GOOGL,145.7377178074388,148.32213437848205,144.92891621947427,146.8699493408203,38412000
2021-11-04,MSFT,319.4836051186062,322.98660357874707,316.23972246138726,322.890625,23992200
2021-11-05,AAPL,148.36534609443586,148.66815006608644,146.57781000839395,147.76950073242188,65463900
2021-11-05,GOOGL,147.7634258058656,148.91051523572824,146.80010405976353,147.4489288330078,38354000
2021-11-05,MSFT,324.8773141787061,325.14603666479826,320.9520328371746,322.5259704589844,22570100
2021-11-08,AAPL,147.89651258756408,148.0528033415094,146.6755190186912,146.9490203857422,55020900
2021-11-08,GOOGL,148.41274287140487,149.19530477650676,147.03138673691146,147.62623596191406,23052000
2021-11-08,MSFT,323.7160312089624,324.0519416472353,320.97122498059144,323.41851806640625,20897000
2021-11-09,AAPL,146.71454897260128,147.9160021821263,146.57779832196186,147.31039428710938,56787900
2021-11-09,GOOGL,147.82635075962824,148.42218254955512,145.85708286053108,147.5148162841797,19530000
2021-11-09,MSFT,323.5336374688277,325.078813563159,321.0575540639552,322.4203796386719,21307400
2021-11-10,AAPL,146.53871644786318,146.64616444006643,144.41907415140022,144.48744201660156,65187100
2021-11-10,GOOGL,146.1096586376128,146.6742930482063,143.17508933638337,144.51829528808594,29970000
2021-11-10,MSFT,321.09594304990367,321.15352434002415,316.6332173342628,317.4777526855469,25500900
2021-11-11,AAPL,145.5033467129879,145.96242651484354,144.25303577054234,144.43862915039062,41000000
2021-11-11,GOOGL,145.1087093120046,146.1448550398257,144.22808142336237,144.39251708984375,16518000
2021-11-11,MSFT,317.90964316198944,320.328145224204,317.1994543880921,319.0421142578125,16849800
2021-11-12,AAPL,144.9856329096499,146.9099196974308,144.0576809080353,146.5094451904297,63804000
2021-11-12,GOOGL,145.23349148333662,147.4469412284045,144.04034683138687,147.27655029296875,22360000
2021-11-12,MSFT,320.4721079279366,323.6488025020353,320.3473387102782,323.1593322753906,23831000
2021-11-15,AAPL,146.88060480284193,148.3555742437889,145.9624154592678,146.51919555664062,59222800
2021-11-15,GOOGL,147.49694730851232,148.1398318289553,146.18394111280924,147.05267333984375,23508000
2021-11-15,MSFT,323.94638389817203,324.2726876885674,320.57773146516666,322.5355834960937,16723000
2021-11-16,AAPL,146.46061733416252,147.97465228236786,145.87453448172622,147.4960174560547,59256200
2021-11-16,GOOGL,146.75303721658253,147.36025044711448,145.92392127932118,146.48211669921875,18904000
2021-11-16,MSFT,322.16126404658087,326.95032335349225,321.99812680159425,325.8370361328125,20886800
2021-11-17,AAPL,147.49599850722544,151.40317727562876,147.48623592599793,149.92822265625,88807000
2021-11-17,GOOGL,146.63218759828888,147.15917066321168,145.85211965055908,146.65150451660156,19594000
2021-11-17,MSFT,325.8850760747881,329.0098960712893,324.9812796361216,326.0581359863281,19053400
2021-11-18,AAPL,150.14311888912806,154.98801222203343,149.49843081431837,154.20657348632812,137827700
2021-11-18,GOOGL,146.84418530798982,149.16114250750712,146.49055568916586,148.42613220214844,35608000
2021-11-18,MSFT,325.15429587394624,329.2598468353323,324.1351262978114,328.1252746582031,22463500
2021-11-19,AAPL,153.99168810581827,157.2834965855034,152.897682743032,156.82440185546875,117305600
2021-11-19,GOOGL,148.56182849438522,149.5434998037264,147.49548317893243,147.52272033691406,33682000
2021-11-19,MSFT,329.44260130183307,331.8078416400719,329.01954636756113,329.8944702148437,21963400
2021-11-22,AAPL,157.92816624213555,161.85488526610547,157.26395297389544,157.2834930419922,117467900
2021-11-22,GOOGL,147.92487958481476,148.41718888282895,144.7699041651747,144.92294311523438,30594000
2021-11-22,MSFT,331.3462958819071,336.2018030638584,326.4715696014347,326.74078369140625,31031100
2021-11-23,AAPL,157.3811346832133,158.0453627342285,155.36894027506222,157.66441345214844,96041900
2021-11-23,GOOGL,144.77535729221407,145.27758204342976,142.7565731039976,144.40785217285156,27218000
2021-11-23,MSFT,324.0679363599428,326.3755197666998,320.7123690134607,324.6736755371094,30427600
2021-11-24,AAPL,157.01974088138022,158.3774848564214,155.9354982175197,158.18212890625,69463600
2021-11-24,GOOGL,144.1022548274951,144.870941178912,143.0121337594424,144.74266052246094,18040000
2021-11-24,MSFT,323.3275227878649,325.13511563845185,321.0488126265672,324.8947448730469,21661300
2021-11-26,AAPL,155.86712045424656,156.72668956141257,152.73160325073675,153.17115783691406,76959800
2021-11-26,GOOGL,142.9878581645666,143.19488775564477,140.50548313123517,140.8427734375,30470000
2021-11-26,MSFT,321.4718896050423,324.9139862915625,315.4818391564863,316.98175048828125,24217200
2021-11-29,AAPL,155.6717241177042,157.44949714116228,155.10518155763626,156.52154541015625,88748200
2021-11-29,GOOGL,142.64263112494936,144.91847509766967,142.5371287245244,144.15870666503906,32596000
2021-11-29,MSFT,322.0391840686992,325.9716468199308,321.84687569261206,323.6640930175781,28563500
2021-11-30,AAPL,156.27736517799391,161.67903783874624,156.20898240534294,161.46414184570312,174048100
2021-11-30,GOOGL,143.64165054932508,144.62380552713375,140.26676719316237,140.5599822998047,42068000
2021-11-30,MSFT,322.4045459611877,324.7697863608636,316.3183410190401,317.8567199707031,42885600
2021-12-01,AAPL,163.59351550609503,166.34808276003974,160.71197512033876,160.9464111328125,152052500
2021-12-01,GOOGL,142.6426635104405,144.5747786828492,139.58377337669666,139.72195434570312,34020000
2021-12-01,MSFT,322.22177836447145,326.2119266473579,316.7028757470775,317.36627197265625,33337600
2021-12-02,AAPL,155.0563862894109,160.38967666927002,154.13819694441963,159.9598846435547,136739200
2021-12-02,GOOGL,139.91857980536682,142.50843750575342,138.89283327720514,141.618408203125,29194000
2021-12-02,MSFT,317.5778100810167,320.6449430720415,315.17410268003374,316.79901123046875,30766000
2021-12-03,AAPL,160.21384675586103,161.1320360204304,156.01362719703414,158.0844268798828,118023100
2021-12-03,GOOGL,142.32666783141497,143.03888475918794,138.97852275278916,140.66299438476562,41230000
2021-12-03,MSFT,319.2027953488512,319.88546954113923,305.7804982116358,310.5686950683594,41779300
2021-12-06,AAPL,160.47760654451426,163.98431110380426,160.46784396248754,161.4837188720703,107497000
2021-12-06,GOOGL,141.6921803830131,142.49652286942776,138.82892367181316,141.80560302734375,30618000
2021-12-06,MSFT,311.47244701692887,314.8376377052457,306.9342458292847,313.62615966796875,30032600
2021-12-07,AAPL,165.15644279486372,167.598429443289,164.4336093812365,167.20770263671875,120405400
2021-12-07,GOOGL,144.22409805259204,146.14037256639585,143.8585729968473,145.88133239746094,32240000
2021-12-07,MSFT,318.8663250684686,322.8660696420731,317.38563262002015,322.0199890136719,31021900
2021-12-08,AAPL,168.13567063026588,171.87679598965886,166.7388465074218,171.0172119140625,116998900
2021-12-08,GOOGL,146.20522267759694,146.99422341654622,145.0259537570448,146.78965759277344,24270000
2021-12-08,MSFT,322.394924443513,322.5776085960502,318.05862588929494,322.0680236816406,24761000
2021-12-09,AAPL,170.85114615502485,172.64844463234323,169.8841141404718,170.50926208496094,108923700
2021-12-09,GOOGL,146.19977331428296,147.69455175909664,145.72826226623192,146.246826171875,23270000
2021-12-09,MSFT,321.52959065515364,323.5294627397953,319.327785978313,320.2700500488281,22214200
2021-12-10,AAPL,171.14422713494562,175.4616584549351,170.63628965473916,175.28582763671875,115402700
2021-12-10,GOOGL,147.2983475495059,147.57322820089257,145.32115971227452,146.60643005371094,24458000
2021-12-10,MSFT,322.0776852082351,329.7887706825989,321.8950010345381,329.34649658203125,38095700
2021-12-13,AAPL,176.91704079075097,177.9036129181879,171.45676231906222,171.66189575195312,153237000
2021-12-13,GOOGL,146.38849352115918,146.57522371786737,144.1458417908545,144.45193481445312,27070000
2021-12-13,MSFT,327.55808990182186,330.5483179150928,326.0197109116661,326.327392578125,28899400
2021-12-14,AAPL,171.18327152968024,173.6154957034132,168.21382219359762,170.2846221923828,139380400
2021-12-14,GOOGL,142.6109361906856,143.11810346460078,139.88388049756273,142.55050659179688,38446000
2021-12-14,MSFT,320.3854016251195,321.75072054562577,311.6262752750999,315.693359375,44438700
2021-12-15,AAPL,171.04652519555987,175.33465344975855,168.31149697974806,175.13929748535156,131063300
2021-12-15,GOOGL,142.057220419799,145.33799793275747,140.3425340803802,145.06063842773438,36370000
2021-12-15,MSFT,315.95300870998227,322.2795851671007,312.0013264864769,321.7603759765625,35381100
2021-12-16,AAPL,175.11972073731067,176.93655914468357,166.78766465581225,168.2626190185547,150185800
2021-12-16,GOOGL,145.78326939220364,146.2849953541412,142.25335200656264,143.08346557617188,33650000
2021-12-16,MSFT,322.7794945853097,323.78906948093504,310.5782712717892,312.3858642578125,35034800
2021-12-17,AAPL,165.98668171971096,169.44454258569772,165.75226057944147,167.16860961914062,195432700
2021-12-17,GOOGL,141.1568032286509,142.47872745262327,139.9681173823491,140.3891143798828,50416000
2021-12-17,MSFT,308.5206418429851,312.40504102761383,305.03045417377376,311.3281555175781,47750300
2021-12-20,AAPL,164.375008447403,166.62163920449956,163.5740445559153,165.81089782714844,107499100
2021-12-20,GOOGL,138.6803545036419,140.43813355928052,138.0077539378615,140.27220153808594,27192000
2021-12-20,MSFT,307.722635580741,310.3667139438823,305.3381764176737,307.5880432128906,28326500
2021-12-21,AAPL,167.57889907243998,169.18084181030284,165.1955175809284,168.97572326660156,91185900
2021-12-21,GOOGL,140.71451675436788,142.51290997715657,139.17814138751456,142.12014770507812,28756000
2021-12-21,MSFT,310.8379051743816,315.10689283678283,307.4823089268054,314.683837890625,24740600
2021-12-22,AAPL,169.02455200604695,171.7791202742142,168.15520530032774,171.56422424316406,92135300
2021-12-22,GOOGL,141.71894670487805,145.1190870300756,141.71894670487805,145.03488159179688,26322000
2021-12-22,MSFT,315.65485969090975,320.7603321144237,313.203089758129,320.3661499023437,24831500
2021-12-23,AAPL,171.76936224404878,172.7461569911751,171.2028195021509,172.1893768310547,68356600
2021-12-23,GOOGL,145.1190840665869,146.84614951123285,145.07153240558975,145.5316619873047,26384000
2021-12-23,MSFT,319.9335179502881,323.4333306981925,319.91429885047023,321.7987976074219,19617800
2021-12-27,AAPL,172.9805656257053,176.2332936859138,172.96104046356876,176.1453857421875,74919600
2021-12-27,GOOGL,145.86796324695013,146.9457052312204,145.78227653939464,146.5123291015625,15976000
2021-12-27,MSFT,322.53907121652355,329.2887004933562,322.5102279009017,329.2598571777344,19947000
2021-12-28,AAPL,175.9793381325386,177.12218615208815,174.38715798933583,175.1295166015625,79144300
2021-12-28,GOOGL,146.8387318072272,146.9011414809302,144.67780630211075,145.30433654785156,18200000
2021-12-28,MSFT,329.9328602754398,330.5674425278227,327.21187650467994,328.1060485839844,15661500
2021-12-29,AAPL,175.16861028282216,176.43844648209003,174.00622210590865,175.2174530029297,62348900
2021-12-29,GOOGL,145.26221443419607,146.02743941952565,144.27461818483408,145.27261352539062,17788000
2021-12-29,MSFT,328.1541568240536,331.0386060056612,326.59655896072684,328.7791442871094,15042000
2021-12-30,AAPL,175.30532209148024,176.3798020768136,173.95734081982604,174.06478881835938,59773000
2021-12-30,GOOGL,145.31126625234555,145.91155689259517,144.61836625158207,144.82241821289062,15688000
2021-12-30,MSFT,328.7407262620481,329.91373694625986,325.7697466785753,326.25048828125,15994500
2021-12-31,AAPL,173.9573701608435,175.07091555859822,173.14662874511,173.44944763183594,64062300
2021-12-31,GOOGL,144.6733390453183,145.31572484803414,143.48663330078125,143.48663330078125,18136000
2021-12-31,MSFT,325.4715861796805,326.28882317175834,322.9140381421796,323.3659362792969,18000800
2022-01-03,AAPL,173.70338274431063,178.63619837680892,173.5861721636794,177.786376953125,104487900
2022-01-03,GOOGL,143.6877102445083,144.47621238059426,142.35836459751644,143.62481689453125,28646000
2022-01-03,MSFT,322.43340214531065,324.9813267976335,317.07793359354395,321.85650634765625,28865100
2022-01-04,AAPL,178.3919838905217,178.6947878000668,174.96342566446933,175.52996826171875,99310400
2022-01-04,GOOGL,144.02547327559515,145.1042126846341,142.36181523730556,143.0383758544922,28400000
2022-01-04,MSFT,321.9333641110728,322.2891374951324,313.55885476913005,316.3375549316406,32674300
2022-01-05,AAPL,175.4420853705736,175.9890879826122,170.587414831676,170.8609161376953,94537600
2022-01-05,GOOGL,143.0587024090049,143.13745135306127,136.3901632285162,136.47633361816406,54618000
2022-01-05,MSFT,313.30890328932094,313.5108358888348,303.80947386548866,304.1940612792969,40054300
2022-01-06,AAPL,168.69238957234518,171.23206096930636,167.65698989510244,168.00863647460938,96904000
2022-01-06,GOOGL,135.7071485529665,138.62091962175828,135.27129360084805,136.44908142089844,37348000
2022-01-06,MSFT,301.0884509560254,306.4247001927171,299.49238536143025,301.79034423828125,39646100
2022-01-07,AAPL,168.8780063916408,170.09899955917385,167.06116796216358,168.17471313476562,86709100
2022-01-07,GOOGL,136.84332084249846,137.14347368557924,134.48674768484292,135.7254638671875,29760000
2022-01-07,MSFT,302.0499018859666,304.30939297872214,298.1462829521569,301.94415283203125,32720000
2022-01-10,AAPL,165.15642793014217,168.4970635759533,164.26754129298973,168.1942596435547,106765600
2022-01-10,GOOGL,133.80477279843086,137.51100668479543,131.90931129081562,137.36241149902344,44408000
2022-01-10,MSFT,297.56939515988586,302.597962334878,292.95428801782003,302.165283203125,44289500
2022-01-11,AAPL,168.32126400156088,171.1148824378415,166.85607200254188,171.0172119140625,76138300
2022-01-11,GOOGL,136.70614733101905,138.89432489527653,135.4040389194939,138.41883850097656,28730000
2022-01-11,MSFT,301.30958257691026,304.4151542522141,297.95401590280085,302.84796142578125,29386800
2022-01-12,AAPL,172.0330771442787,173.06847713761263,170.76325596284155,171.45677185058594,74805200
2022-01-12,GOOGL,139.81949281195844,141.26375722339816,139.36829621800032,140.09735107421875,26108000
2022-01-12,MSFT,307.35736099935986,310.9532989363436,304.86709358053514,306.0112609863281,34372200
2022-01-13,AAPL,171.70094857794888,172.52145244084235,167.80353287215138,168.1942596435547,84505800
2022-01-13,GOOGL,140.20585383753698,141.5035186270779,137.10436954275085,137.28070068359375,31436000
2022-01-13,MSFT,308.1264165245482,308.52062802230614,292.2907924818622,293.0599670410156,45366000
2022-01-14,AAPL,167.36398288031089,169.7473640846977,167.1197842307582,169.05384826660156,80440800
2022-01-14,GOOGL,135.78688828807677,139.41537040651573,135.7071568754875,138.16575622558594,29662000
2022-01-14,MSFT,292.5311790370416,298.8481288770932,292.0504375760111,298.25201416015625,39846400
2022-01-18,AAPL,167.53003637041928,168.53613361538314,165.47877665458643,165.85972595214844,90956700
2022-01-18,GOOGL,134.89142851777413,135.8389098452004,134.1618746973883,134.71609497070312,34872000
2022-01-18,MSFT,292.358208481325,297.86748852909545,290.1179361568295,290.9928894042969,42333200
2022-01-19,AAPL,166.05506272277646,167.1100025568735,162.08927949191408,162.37254333496094,94815000
2022-01-19,GOOGL,135.23661543971323,136.65908416614792,133.74283433997795,133.84288024902344,28648000
2022-01-19,MSFT,294.49261706590465,301.819112353004,291.0408968422352,291.6466064453125,45933900
2022-01-20,AAPL,163.10512724510775,165.74246918469564,160.37009990213886,160.69244384765625,91420500
2022-01-20,GOOGL,134.96571815865502,136.3287551036395,131.7111798903732,132.0509490966797,29908000
2022-01-20,MSFT,297.16564931418003,299.6462633071286,289.54109381959523,289.9833679199219,35380700
2022-01-21,AAPL,160.60458738914824,162.4702688967568,158.5337873352943,158.6412353515625,122848900
2022-01-21,GOOGL,131.34367390126937,133.59424596274727,128.8603012401093,129.122802734375,55652000
2022-01-21,MSFT,291.0313502433303,292.39663994676283,284.22403280045586,284.6278686523437,57984400
2022-01-24,AAPL,156.30670516297684,158.53379607319022,151.11014976934194,157.86956787109375,162294600
2022-01-24,GOOGL,124.79054540817464,129.966301316712,123.32647997852636,129.57106018066406,76622000
2022-01-24,MSFT,280.9453743252705,285.6662305381032,265.4173987440913,284.9547424316406,85731500
2022-01-25,AAPL,155.29081165334586,158.98309429431202,153.37630245676536,156.07225036621094,115798400
2022-01-25,GOOGL,127.5264963501833,128.17928120048109,125.30810404425328,125.7385025024414,46960000
2022-01-25,MSFT,280.2915581603582,283.6279058744891,274.1861636133682,277.3782653808594,72848600
2022-01-26,AAPL,159.70594544292626,160.57529219502064,154.15775828454986,155.98435974121094,108275300
2022-01-26,GOOGL,129.8830863515717,131.7463529353979,125.94356826887145,128.01486206054688,49130000
2022-01-26,MSFT,296.1272067657119,296.6175725961171,281.74342604783857,285.2816772460937,90428900
2022-01-27,AAPL,158.68024929795948,160.037992934875,154.60701838721283,155.52520751953125,121954600
2022-01-27,GOOGL,130.06631152982507,131.402095911861,127.7171599273171,127.78898620605467,31950000
2022-01-27,MSFT,291.0024659264915,295.46373205879246,286.4546404978711,288.29107666015625,53481300
2022-01-28,AAPL,161.86465470605705,166.39698147337538,159.0221785798324,166.37744140625,179935700
2022-01-28,GOOGL,128.43682430725084,132.09948115838165,127.27389448111536,132.09402465820312,34362000
2022-01-28,MSFT,288.6661016492175,296.5983377730556,283.10873012038377,296.3868103027344,49743700
2022-01-31,AAPL,166.2113506685732,170.9390323284137,165.5764253199615,170.72413635253906,115541600
2022-01-31,GOOGL,132.8973869656009,134.19603402997248,130.96329190158724,134.0281219482422,39986000
2022-01-31,MSFT,297.05020471160907,300.34808458292423,294.56956197195456,299.00201416015625,46444500
2022-02-01,AAPL,169.97200754131524,170.78274877423786,168.31145985308757,170.55809020996094,86213900
2022-02-01,GOOGL,136.29755519707962,136.49418574157943,133.1019649835654,136.34658813476562,68644000
2022-02-01,MSFT,298.4540257576921,298.6655532510583,293.37739525904294,296.8675842285156,40950400
2022-02-02,AAPL,170.69486467196293,171.79864739328102,169.30781806090394,171.7595672607422,84914300
2022-02-02,GOOGL,149.82431540618072,150.1180141843333,144.15080955105117,146.60494995117188,123200000
2022-02-02,MSFT,297.7039470760405,302.98247866667543,296.98283492028696,301.38641357421875,36636000
2022-02-03,AAPL,170.43115497753465,172.1503233892282,168.1259186202505,168.8878173828125,89418100
2022-02-03,GOOGL,144.33209690892662,148.26417842133202,141.32074324186965,141.74124145507812,71518000
2022-02-03,MSFT,297.5693697082304,299.2423701113963,288.40643772478234,289.6467590332031,43730000
2022-02-04,AAPL,167.90974218054592,170.27660988825676,166.93170310002452,168.60415649414062,82465400
2022-02-04,GOOGL,142.09238293990342,143.50939516923387,139.19049231830002,141.9423065185547,57998000
2022-02-04,MSFT,288.6468793583376,296.906016986016,288.4161327669498,294.1561889648437,35096500
2022-02-07,AAPL,169.0638570704662,170.1299162190593,167.19579861278513,167.8902130126953,77251200
2022-02-07,GOOGL,142.89030508807886,142.89030508807886,137.5907279348419,137.88890075683594,54974000
2022-02-07,MSFT,294.37728012769503,295.9829403994106,288.3487625883948,289.3583374023437,28533300
2022-02-08,AAPL,167.95868798788894,171.4992004689829,167.6652732075989,170.99061584472656,74829200
2022-02-08,GOOGL,137.71603558970185,138.68035486899515,135.72250851145188,138.08502197265625,54284000
2022-02-08,MSFT,289.64686857641345,293.7908596018696,288.3969519177547,292.8293762207031,32421200
2022-02-09,AAPL,172.18379236064646,172.77060688626915,171.05903840340724,172.4087371826172,71285000
2022-02-09,GOOGL,139.6347846354997,141.18107530667282,138.8655994195183,140.25735473632812,40144000
2022-02-09,MSFT,297.9347910965561,299.91544411863055,295.55033156667764,299.2231750488281,31284700
2022-02-10,AAPL,170.31576195955012,171.62633103104866,167.78264377127414,168.34011840820312,90865900
2022-02-10,GOOGL,138.38665259987917,140.15085547320035,136.65660953339068,137.3133544921875,39330000
2022-02-10,MSFT,292.3292805293152,297.2136009412112,289.1179310391646,290.73321533203125,45386200
2022-02-11,AAPL,168.545490327705,169.27901969811438,164.34969397169522,164.9365234375,98670700
2022-02-11,GOOGL,137.29357797469913,137.8448206179195,132.14258050012307,133.0167694091797,39958000
2022-02-11,MSFT,291.51210798469305,292.56974542474626,282.8876020860272,283.676025390625,39175600
2022-02-14,AAPL,163.69438566255786,165.85585845870224,162.90217644579033,165.17123413085938,86185500
2022-02-14,GOOGL,132.00042669980434,135.01524150081954,132.00042669980434,134.24853515625,34302000
2022-02-14,MSFT,282.45487744042305,285.3297318388345,280.128104788829,283.63751220703125,36359500
2022-02-15,AAPL,167.2153531108256,169.1518664311418,166.5111637354937,168.99537658691406,62527400
2022-02-15,GOOGL,136.27376928506482,136.80670770122907,134.54126220495533,135.3208465576172,26680000
2022-02-15,MSFT,288.4545460706531,289.2140965718555,285.57969173022536,288.8968200683594,27058300
2022-02-16,AAPL,168.0760262456703,169.53329496166765,166.31555287107355,168.76065063476562,61177400
2022-02-16,GOOGL,135.35849391777094,136.7844243573178,133.65222627025838,136.43971252441406,25022000
2022-02-16,MSFT,287.4709649658661,289.8796435333353,282.95228162106866,288.5596923828125,29982100
2022-02-17,AAPL,167.27401205002488,168.13469116142224,164.77023455180458,165.17123413085938,69589300
2022-02-17,GOOGL,134.95878467171522,135.82107810404372,131.22977254722994,131.28970336914062,38950000
2022-02-17,MSFT,285.53430336959343,285.958233038907,279.40664080865434,280.1099853515625,32461600
2022-02-18,AAPL,166.09060878011084,166.7947832093295,162.54032203615824,163.62594604492188,82772700
2022-02-18,GOOGL,132.20894242873914,132.80627055380495,128.96927736418834,129.173828125,45620000
2022-02-18,MSFT,282.34522991631013,283.12563925409984,275.8514432873112,277.4122619628906,34264000
2022-02-22,AAPL,161.35690506054718,163.02935867994262,158.58905229899906,160.71141052246094,91162800
2022-02-22,GOOGL,128.61413377590594,130.934551968721,127.0148502512028,128.58987426757812,44990000
2022-02-22,MSFT,274.58919693436866,280.8903046336459,274.10746150115045,277.2098388671875,41736100
2022-02-23,AAPL,161.90459367562613,162.50119815168253,156.241753586249,156.5547332763672,90009200
2022-02-23,GOOGL,130.40758777953872,130.80629021138148,126.32542989882369,126.38536071777344,32786000
2022-02-23,MSFT,279.5801406890446,281.044636123338,269.8683613274452,270.0321350097656,37811200
2022-02-24,AAPL,149.2291965620497,159.27366155009665,148.66193213542687,159.16607666015625,141147500
2022-02-24,GOOGL,123.77569929866216,131.746354920063,123.77569929866216,131.4402618408203,54456000
2022-02-24,MSFT,262.5555199373533,284.37813456051526,261.60166355056816,283.8289489746094,56989700
2022-02-25,AAPL,160.24196804076124,161.4938572501659,157.3371898954576,161.22979736328125,91974200
2022-02-25,GOOGL,132.29317605918152,133.9964662088963,130.50964056693255,133.19212341308594,36406000
2022-02-25,MSFT,284.35883888428555,286.7578722133429,280.9963051733294,286.4495544433594,32546700
2022-02-28,AAPL,159.47904685433394,161.78721963459702,158.86287747049465,161.49380493164062,95056600
2022-02-28,GOOGL,131.79589523227364,134.4719237120657,131.34270332112334,133.7839813232422,38864000
2022-02-28,MSFT,283.559218096748,288.2128006483137,282.2970731254426,287.8755798339844,34627500
2022-03-01,AAPL,161.08302534266187,162.94130845487337,158.4129829679633,159.615966796875,83474400
2022-03-01,GOOGL,133.60712128280522,134.97114050786368,131.96278003223856,132.79782104492188,26496000
2022-03-01,MSFT,285.5728272162815,289.0124260885947,281.4780750548052,284.1758117675781,31217800
2022-03-02,AAPL,160.77986315221446,163.68464076398826,159.37148431939156,162.90220642089844,79724800
2022-03-02,GOOGL,133.35899498471252,133.98750520472257,131.81716337457922,133.3030242919922,23520000
2022-03-02,MSFT,284.57084383733564,290.4576682481348,282.9715074955346,289.22442626953125,31873000
2022-03-03,AAPL,164.77023477279693,165.2005743290728,161.9143626273284,162.5794219970703,76678400
2022-03-03,GOOGL,134.7279703958508,135.1534263012136,131.7716050611301,132.6373748779297,24604000
2022-03-03,MSFT,291.82580808856017,292.05703176941057,283.30869674167064,285.11041259765625,27314500
2022-03-04,AAPL,160.87765818976635,161.91437725608384,158.54014531943216,159.58663940429688,83737200
2022-03-04,GOOGL,131.67454967575668,132.58983619243168,129.10895116111877,130.6631622314453,30430000
2022-03-04,MSFT,283.53992798121607,284.8598787290603,276.68001821827283,279.271728515625,32356500
2022-03-07,AAPL,159.7724722055909,161.3960207362876,155.54733601828758,155.8016357421875,96418800
2022-03-07,GOOGL,130.2486062137015,130.4932720771041,125.10454686818072,125.18726348876952,45112000
2022-03-07,MSFT,277.99032843801785,279.10795849514665,268.3556169829133,268.72174072265625,43157200
2022-03-08,AAPL,155.33218168421902,159.30301816152476,152.37849933499598,153.98248291015625,131148300
2022-03-08,GOOGL,125.05997251114222,130.0128427096033,124.4898966676206,125.90641784667967,40428000
2022-03-08,MSFT,267.6522801991081,273.58726615536074,260.1372168079997,265.7735290527344,48159500
2022-03-09,AAPL,157.93374136581392,159.82136448965088,155.9092082958325,159.3714599609375,91454900
2022-03-09,GOOGL,130.0128102007671,132.4748854720658,128.67602832914253,132.162353515625,37026000
2022-03-09,MSFT,273.0862641319039,279.0212499230222,270.52342735372963,277.96142578125,35204500
2022-03-10,AAPL,156.68190205750494,156.86773192318665,152.5545747757299,155.03880310058594,105342000
2022-03-10,GOOGL,130.02868267785485,132.01577069786407,129.6785144341432,131.18121337890625,27102000
2022-03-10,MSFT,272.68158699777644,276.13083008813146,270.33071510240313,275.15771484375,30628000
2022-03-11,AAPL,155.4397623739769,155.78208206231224,151.10705589580672,151.33200073242188,96970100
2022-03-11,GOOGL,132.23024024414997,132.5343532518756,128.4096014176675,128.64634704589844,31526000
2022-03-11,MSFT,277.4411584633372,278.93455646472097,269.2227503051047,269.8393859863281,27209300
2022-03-14,AAPL,148.1240148231261,150.73537736075448,146.80367102699051,147.31224060058594,108732100
2022-03-14,GOOGL,129.0222755356904,129.17977343063143,124.09417093747396,124.7637939453125,38812000
2022-03-14,MSFT,270.0994808190958,274.97464216380376,265.7446020938021,266.3419494628906,30660700
2022-03-15,AAPL,147.58612546449382,152.15358216127328,147.07755576988814,151.68411254882812,92964300
2022-03-15,GOOGL,125.7791157667184,128.63049231232975,124.53544938703808,127.98017120361328,30920000
2022-03-15,MSFT,270.10920358547907,277.3063358721881,268.5483846755829,276.6607971191406,34245100
2022-03-16,AAPL,153.60105321090987,156.48626575095446,151.06793536575267,156.08526611328125,102300200
2022-03-16,GOOGL,129.50072753440998,132.07621116573054,127.52106056963687,132.0242156982422,35576000
2022-03-16,MSFT,278.54910553558244,283.8096787213844,272.8550174149433,283.6362609863281,37826300
2022-03-17,AAPL,155.12679794973494,157.46431103838808,154.16832371335292,157.0926513671875,75615400
2022-03-17,GOOGL,131.89393987458052,132.81666282246127,130.93902206243152,132.5774383544922,28264000
2022-03-17,MSFT,282.5765423633839,284.8117737223933,278.7997214415844,284.43603515625,30816600
2022-03-18,AAPL,156.9850931987095,160.86791067400716,156.25156367451518,160.37889099121094,123511700
2022-03-18,GOOGL,132.16683250009095,134.9597594793248,131.01182292044092,134.84237670898438,44566000
2022-03-18,MSFT,284.58046582678224,290.00481304770483,282.0369173074508,289.45562744140625,43390600
2022-03-21,AAPL,159.9191797677464,162.69682236043158,159.4301601813594,161.7481231689453,95811400
2022-03-21,GOOGL,134.88003086032697,135.75817985549534,132.82855279964977,134.81861877441406,26832000
2022-03-21,MSFT,287.9718680378315,289.17620681599607,284.1275986640248,288.23199462890625,28351200
2022-03-22,AAPL,161.8752422072329,165.69937857870127,161.2884277154457,165.11256408691406,81532000
2022-03-22,GOOGL,134.81862924241636,139.72048699983432,134.81862924241636,138.54962158203125,35496000
2022-03-22,MSFT,288.8486369683624,293.8586986740922,287.85626286698505,292.9530334472656,27599700
2022-03-23,AAPL,164.3008129085659,168.8486892835288,163.9682682338466,166.47206115722656,98062700
2022-03-23,GOOGL,137.39509925472657,138.2727494521605,136.53578350471344,136.9721221923828,25154000
2022-03-23,MSFT,289.53277788187336,292.15342106739143,286.8446846467914,288.5500183105469,25715400
2022-03-24,AAPL,167.30337650948087,170.31573891650316,166.4720521767643,170.24728393554688,90131400
2022-03-24,GOOGL,137.88788310151517,140.28408764030888,136.4520527709941,140.23753356933594,26396000
2022-03-24,MSFT,288.21282860571665,293.0879911974356,287.42277505614976,292.9916381835937,24484500
2022-03-25,AAPL,170.06146151483682,171.43071043053845,168.95627243907444,170.8830108642578,80546200
2022-03-25,GOOGL,140.57830645229447,140.69618802841327,138.42034355673357,140.3376007080078,24126000
2022-03-25,MSFT,294.0803733450445,294.34050002683153,288.3573511232307,292.58697509765625,22566500
2022-03-28,AAPL,168.38903069595148,171.87084834447882,168.2227657996674,171.74371337890625,90371900
2022-03-28,GOOGL,139.5723701734137,140.66398768557863,138.49363060700367,140.1221466064453,35050000
2022-03-28,MSFT,293.2132183201872,299.446879031132,293.2132183201872,299.3505554199219,29578200
2022-03-29,AAPL,172.80975399507545,175.07879724912362,172.46743429498167,175.0299072265625,100589400
2022-03-29,GOOGL,141.3029063704736,142.43810026531608,140.6996381193691,141.1622314453125,34318000
2022-03-29,MSFT,302.44319069026733,304.2834238623845,297.7607062548544,303.8883972167969,30393400
2022-03-30,AAPL,174.62886654102215,175.6655854938626,172.8194884204446,173.86599731445312,92633200
2022-03-30,GOOGL,141.11718519835287,141.37522780253792,140.26529091446844,140.60060119628906,19884000
2022-03-30,MSFT,302.2987264531988,304.40873068688376,300.1983369373926,302.3950500488281,28163600
2022-03-31,AAPL,173.93448350287292,174.1203133341303,170.5700263491638,170.77542114257812,103049300
2022-03-31,GOOGL,140.71401605414036,140.7685054892629,137.71407413016144,137.7566680908203,37524000
2022-03-31,MSFT,302.4335907750661,303.6283150055242,296.643149106342,297.0477905273437,33422100
2022-04-01,AAPL,170.20816010667752,171.0394993928561,168.1640617684755,170.4820098876953,78751300
2022-04-01,GOOGL,138.18507141556094,139.1469118661108,137.0038070973183,138.82943725585938,25942000
2022-04-01,MSFT,298.06914887514154,298.80139656416134,294.37906626914736,298.1173400878906,27110500
2022-04-04,AAPL,170.73632454310336,174.57023673592576,170.60917466091976,174.52133178710938,76468400
2022-04-04,GOOGL,139.03547918185924,142.35736929122916,138.98792752091472,141.62384033203125,25942000
2022-04-04,MSFT,298.76276415932574,303.5993787276326,298.39664041936675,303.4645080566406,24289600
2022-04-05,AAPL,173.60194829792937,174.3843825989403,170.58958593943763,171.2155303955078,73401800
2022-04-05,GOOGL,141.5223203014369,141.64266561089818,139.05926203677285,139.2657928466797,21418000
2022-04-05,MSFT,301.82654511251576,303.3681045702332,298.5507496416169,299.5238647460937,23156700
2022-04-06,AAPL,168.57486295748595,169.8169771105806,166.39383938569154,168.05650329589844,89058800
2022-04-06,GOOGL,137.44214998977515,138.04689956099944,134.2396223803811,135.2609100341797,32468000
2022-04-06,MSFT,294.04184715459763,295.78572808522017,285.8715988687288,288.5596923828125,40110400
2022-04-07,AAPL,167.4011755212215,169.55285855113002,166.11994669119974,168.35964965820312,77594700
2022-04-07,GOOGL,134.72795027720932,135.87157824028196,132.96225109677235,134.60760498046875,26234000
2022-04-07,MSFT,285.8233566950077,292.5580106672026,285.5246829888432,290.3612976074219,31411200
2022-04-08,AAPL,168.00757925318007,168.00757925318007,165.48423622614246,166.3546905517578,76575500
2022-04-08,GOOGL,134.30547574358152,134.39116244363444,131.71215695928404,132.0311279296875,25142000
2022-04-08,MSFT,289.46525511827485,290.1204083993762,285.4572118764955,286.1220092773437,24361900
2022-04-11,AAPL,165.00498773482366,165.31795249524248,161.8654755697351,162.1099853515625,72246700
2022-04-11,GOOGL,130.58094467179382,130.84740631992602,127.45568463788922,127.60922241210938,36884000
2022-04-11,MSFT,281.13127920546333,281.9213032700954,274.58930130303617,274.8398132324219,34569300
2022-04-12,AAPL,164.33013728303388,166.13950070260202,162.9804385205217,163.97804260253906,79265200
2022-04-12,GOOGL,130.35955472624002,130.35955472624002,125.59389824146888,126.51067352294922,32710000
2022-04-12,MSFT,278.6744307786593,280.119637735793,270.2440568620464,271.7567138671875,30966700
2022-04-13,AAPL,163.71398991233582,167.28382721520924,163.10761035124472,166.6578826904297,70618900
2022-04-13,GOOGL,126.79345728334248,129.10545636823446,126.53689598688813,128.6696014404297,27928000
2022-04-13,MSFT,272.40216747180386,278.03844932142886,271.02438159032954,277.113525390625,21907200
2022-04-14,AAPL,166.87301451784705,167.50874884154206,161.41555493977322,161.66006469726562,75329400
2022-04-14,GOOGL,129.24961528064816,129.24961528064816,125.40766436187616,125.53545379638672,31598000
2022-04-14,MSFT,277.5664678660256,277.7784327469066,269.1168344018573,269.6081848144531,28221600
2022-04-18,AAPL,160.3201618914843,162.94131434841603,159.97785717263437,161.44491577148438,69023900
2022-04-18,GOOGL,125.80290070747128,127.00396566233611,124.99261037205468,126.4730224609375,20808000
2022-04-18,MSFT,268.72171390745734,272.1420243715912,268.1725283526451,270.2728881835937,20778000
2022-04-19,AAPL,161.39603175237912,164.1345444765827,160.31040765157212,163.7237548828125,67723800
2022-04-19,GOOGL,126.48786373209684,129.10445946368372,125.8023852699178,128.7835235595703,26490000
2022-04-19,MSFT,269.17459327763214,275.716571073064,268.2400250211419,274.8783264160156,22297700
2022-04-20,AAPL,165.05389393478876,165.17126878968486,162.45232094308298,163.5574951171875,67929800
2022-04-20,GOOGL,129.65819821919953,130.16042293885656,126.29817321753464,126.83307647705078,31696000
2022-04-20,MSFT,278.8285578322928,279.1176168323527,274.9457700942281,275.89959716796875,22906700
2022-04-21,AAPL,165.2006123983915,167.76307044383682,162.26649466439048,162.76528930664062,87227800
2022-04-21,GOOGL,128.03169266207186,128.87219024780205,123.35271317406068,123.63800048828124,36446000
2022-04-21,MSFT,278.0384667111573,282.5860513093376,269.82970383090816,270.55230712890625,29454600
2022-04-22,AAPL,162.80437847987656,164.18340212764667,157.95329847424364,158.23692321777344,84882400
2022-04-22,GOOGL,123.82174859752628,124.21995976423476,117.8040146386784,118.5078125,56884000
2022-04-22,MSFT,271.39056854763874,272.8550636325426,263.393769113378,264.02001953125,29405800
2022-04-25,AAPL,157.58163561913904,159.58661851207708,154.9800632753819,159.30299377441406,96046400
2022-04-25,GOOGL,117.97835957782225,122.11549058545955,117.39392450746956,121.91390991210938,46128000
2022-04-25,MSFT,263.307112647107,270.84143680658474,260.87914585051374,270.4656982421875,35678900
2022-04-26,AAPL,158.68684707978605,158.77486701882205,153.2782919448604,153.35653686523438,95623200
2022-04-26,GOOGL,121.14175631057378,121.35522489023224,117.39391885369488,117.53160858154295,73054000
2022-04-26,MSFT,267.3632511079873,268.19182220528097,260.13721729425794,260.34918212890625,46518400
2022-04-27,AAPL,152.4861279810132,156.28091074335643,151.9677682876558,153.1316375732422,88063200
2022-04-27,GOOGL,113.39051664375936,116.13688235648152,111.67385763846296,113.21717071533205,91820000
2022-04-27,MSFT,271.7952455176826,280.34123080111425,268.9626376903315,272.87432861328125,63477700
2022-04-28,AAPL,155.7527492675287,160.90702025080918,155.4397695467575,160.0463409423828,130216800
2022-04-28,GOOGL,115.31767110037896,118.52167974527936,113.03934791722725,117.40530395507812,48884000
2022-04-28,MSFT,274.77235637930573,280.35086291082894,271.1785981856094,279.0501708984375,33646600
2022-04-29,AAPL,158.28582131341926,162.5500717654253,153.79662607980254,154.18783569335938,131747600
2022-04-29,GOOGL,115.63416187311658,116.80848848076448,112.74168750254856,113.03390502929688,42676000
2022-04-29,MSFT,278.0674307607547,279.29105809866707,266.3998077256145,267.3825378417969,37073900
2022-05-02,AAPL,153.26850950984627,154.75511815394006,149.9040527150275,154.49105834960938,123055300
2022-05-02,GOOGL,112.33603962239242,115.64505184129835,111.53862727592032,115.4840850830078,35534000
2022-05-02,MSFT,267.56559909941353,274.5315069910104,266.1300363109666,274.07867431640625,35151100
2022-05-03,AAPL,154.67688255687574,157.18067526746918,152.88708408047324,155.97767639160156,88966500
2022-05-03,GOOGL,115.33303263982113,117.32557749707244,114.9407691702826,116.22801971435548,24968000
2022-05-03,MSFT,273.5872373213016,273.7510403407447,269.91641488989063,271.48687744140625,25978600
2022-05-04,AAPL,156.1635144371754,162.82395888042848,155.76251479077115,162.3740692138672,108256500
2022-05-04,GOOGL,115.9283671682928,121.69647785121757,114.03091818678884,121.10857391357422,49916000
2022-05-04,MSFT,272.2673535703565,280.2545389514792,266.6214258152803,279.3874206542969,33599300
2022-05-05,AAPL,160.25171284753384,160.47665766238154,151.5471558846843,153.3271942138672,130525300
2022-05-05,GOOGL,119.07097331135176,119.89810179071496,113.92147220109968,115.40733337402344,45840000
2022-05-05,MSFT,275.109613099755,275.8900225285143,264.3187223916875,267.2187805175781,43260400
2022-05-06,AAPL,152.8080631040653,156.16767394547392,151.0156200226824,154.052001953125,116124600
2022-05-06,GOOGL,114.09877271953016,116.46327388916288,112.9407929813182,114.6554718017578,39710000
2022-05-06,MSFT,264.77155329439324,269.049368342921,261.3608565604997,264.6944885253906,37780300
2022-05-09,AAPL,151.75023984870148,152.63177739233632,148.38085428930862,148.93914794921875,131577900
2022-05-09,GOOGL,112.18250256559926,113.99228466247092,110.9447838916454,111.45046997070312,40802000
2022-05-09,MSFT,260.1950242973113,262.41099624830406,253.7012379585317,254.91519165039065,47726000
2022-05-10,AAPL,152.32814774676658,153.5231099451531,149.7912929478581,151.3388671875,115366700
2022-05-10,GOOGL,114.41872033983717,115.15422180073458,111.83629181263385,113.31670379638672,39900000
2022-05-10,MSFT,261.7654605643178,263.7502086405852,255.38728670730276,259.65545654296875,39336400
2022-05-11,AAPL,150.3495886480442,152.25956414663153,142.81741468212965,143.49325561523438,142689800
2022-05-11,GOOGL,112.16913744806908,115.26765131886636,112.16913744806908,112.53168487548828,37534000
2022-05-11,MSFT,255.97502163371612,261.4475309989085,249.82807066667772,251.03240966796875,48975900
2022-05-12,AAPL,139.83980605277625,143.19940187956024,135.95128476595931,139.6341094970703,182602000
2022-05-12,GOOGL,110.32766589353676,113.2176615104082,108.78930297233798,111.78034210205078,53836000
2022-05-12,MSFT,248.27690379509,250.38690814257984,240.88708121967693,246.0223846435547,51033800
2022-05-13,AAPL,141.62242982115953,145.0604001115948,140.17280954058904,144.09071350097656,113990900
2022-05-13,GOOGL,113.45340618375492,116.7639072482618,112.53415970229024,114.95660400390624,35038000
2022-05-13,MSFT,247.9493881894368,253.4315431950037,246.0224452532885,251.5816650390625,34925100
2022-05-16,AAPL,142.56275232444813,144.49232147743598,141.22085987637433,142.55294799804688,86643800
2022-05-16,GOOGL,113.8719275488236,115.07498009851662,112.8159813449991,113.36624145507812,25990000
2022-05-16,MSFT,250.46395431193443,256.1099105942852,246.43665192316664,251.9477081298828,32550900
2022-05-17,AAPL,145.80481151470883,146.69613834453236,143.66954586445135,146.17701721191406,78336300
2022-05-17,GOOGL,115.73915065465216,115.7980914346333,113.78722760923657,115.37511444091795,23054000
2022-05-17,MSFT,256.38936992042704,258.5282776861266,252.8727050568493,257.0734558105469,28828800
2022-05-18,AAPL,143.83609605190958,144.33562356857507,137.02872402723415,137.9298553466797,109742900
2022-05-18,GOOGL,113.91601089828784,114.31224201290831,110.50397497987214,110.84473419189452,35126000
2022-05-18,MSFT,253.98308927658695,254.56252427185584,244.10382723032592,245.3689117431641,31356000
2022-05-19,AAPL,137.00910949443605,138.7525756020971,133.79642936713128,134.53103637695312,136095600
2022-05-19,GOOGL,110.38114026738668,111.94476004054836,108.9631304458894,109.34351348876952,34144000
2022-05-19,MSFT,245.19508938818183,248.83585464293373,243.24435524609143,244.46115112304688,32692300
2022-05-20,AAPL,136.2353737096039,137.81233136722793,129.88837059779613,134.7661590576172,137426100
2022-05-20,GOOGL,110.89575541298444,111.1260696305812,104.79927194524409,107.88143920898438,48962000
2022-05-20,MSFT,248.4205560699694,249.67600344933277,237.9908442252686,243.9010162353516,39199300
2022-05-23,AAPL,134.96201586760006,140.31975175202894,134.82488980062982,140.17283630371094,117726300
2022-05-23,GOOGL,108.55452759041016,111.0903945618834,107.71600254425864,110.4371109008789,37184000
2022-05-23,MSFT,246.73058943517603,252.53453266305888,244.741203683292,251.7136688232422,33175400
2022-05-24,AAPL,137.92005516834,139.05625126128453,134.51148183512868,137.4792938232422,104132700
2022-05-24,GOOGL,104.77500626449768,105.45503592449192,100.924144937746,104.97113800048828,76780000
2022-05-24,MSFT,249.0482952678713,252.3703282848016,244.8087915946299,250.71896362304688,29043900
2022-05-25,AAPL,135.58886991195646,138.87991021944293,135.50072064953915,137.635986328125,92482700
2022-05-25,GOOGL,103.99591425389032,105.4961421821186,102.87755826590382,104.80769348144533,40258000
2022-05-25,MSFT,249.2897536459207,255.50893286369595,248.31437179357388,253.51956176757807,28547900
2022-05-26,AAPL,134.57021942674126,141.37757526410218,134.32535040420584,140.82907104492188,90601500
2022-05-26,GOOGL,104.6808904254116,107.62536770750384,104.23314753165975,106.77645111083984,37948000
2022-05-26,MSFT,253.2781100641193,257.9521680064266,252.46691284814415,256.7836608886719,25002100
2022-05-27,AAPL,142.4060581377044,146.6080048732437,142.27872143657157,146.56883239746094,90978500
2022-05-27,GOOGL,108.45102468801176,111.259301323666,108.109766654316,111.2578125,37914000
2022-05-27,MSFT,259.27522501006564,263.96858669067194,258.38675406725025,263.8720092773437,26910800
2022-05-31,AAPL,146.01052282850958,147.56788638378129,143.82628016379354,145.7852325439453,103718400
2022-05-31,GOOGL,111.68375875485164,114.64409187492326,111.02205599422835,112.68968963623048,50012000
2022-05-31,MSFT,263.1864174502178,265.34961052088613,259.70983610714705,262.5490417480469,37827700
2022-06-01,AAPL,146.82346195823692,148.62570934761555,144.649023812494,145.65789794921875,74286600
2022-06-01,GOOGL,113.77238639007432,115.99770912994168,112.1825117068188,112.8184585571289,36606000
2022-06-01,MSFT,265.7647953206282,268.1694163803511,260.7817020928469,263.0801086425781,25292200
2022-06-02,AAPL,144.79596367082308,148.16536407915592,143.8458705924634,148.10659790039062,72348100
2022-06-02,GOOGL,112.92543446799304,116.78817573341432,111.88186743338352,116.51378631591795,37992000
2022-06-02,MSFT,255.38340607068776,265.2336837998182,252.63111175251524,265.16607666015625,44008200
2022-06-03,AAPL,143.88503314588232,144.93307974702813,141.49512401563555,142.396240234375,88570300
2022-06-03,GOOGL,114.9684844405739,115.22504574352156,112.44846568294494,113.4613265991211,26136000
2022-06-03,MSFT,261.04245577782234,264.0748154478667,259.2076029156242,260.76239013671875,28059000
2022-06-06,AAPL,144.01235806018855,145.52075950090375,141.92606935448035,143.140625,71598400
2022-06-06,GOOGL,115.60444124136708,118.2220348400012,115.06903914035703,115.71935272216795,33542000
2022-06-06,MSFT,262.7324336411163,264.779744827782,258.0583763446399,259.5359191894531,22400300
2022-06-07,AAPL,141.3873815394989,145.94193944320352,141.1425125135875,145.65789794921875,67808200
2022-06-07,GOOGL,114.39197563745488,116.58164197916136,113.96751735517762,116.04524230957033,31590000
2022-06-07,MSFT,257.49836222355793,263.76584558835543,256.8223496712607,263.1574401855469,22860700
2022-06-08,AAPL,145.53057980516448,146.7940975636926,144.43357121198528,144.92330932617188,53950200
2022-06-08,GOOGL,115.6608989926276,117.45285297012651,115.50092226538834,116.08932495117188,26108000
2022-06-08,MSFT,262.39448666074105,263.6402676057848,260.3664787079768,261.1390686035156,17372300
2022-06-09,AAPL,144.06133943857793,144.91347882072873,139.60472041542363,139.71246337890625,69473000
2022-06-09,GOOGL,115.23100799863816,117.18392900827148,113.6941338546377,113.7530746459961,25798000
2022-06-09,MSFT,258.5992099165968,263.36017868447857,255.5572129915601,255.71173095703125,26439700
2022-06-10,AAPL,137.40092646925825,137.87107088214006,134.24701176433422,134.31558227539062,91437900
2022-06-10,GOOGL,111.38510337775644,112.21124180702164,109.32569748430883,110.11370086669922,41452000
2022-06-10,MSFT,251.64605970485297,251.64605970485297,243.87206395245485,244.31629943847656,31422800
2022-06-13,AAPL,130.14299644685158,132.4251777606438,128.7423526705115,129.17332458496094,122207100
2022-06-13,GOOGL,105.77992416332314,107.76602221273735,105.11872028376786,105.38964080810548,47252000
2022-06-13,MSFT,236.70645685368288,240.4824068795414,233.24919461693813,233.95416259765625,46135800
2022-06-14,AAPL,130.39766413988795,131.1420606306549,128.7815195311164,130.03524780273438,84784300
2022-06-14,GOOGL,105.53081510925556,106.90721370652108,104.80274254296354,105.70960998535156,33706000
2022-06-14,MSFT,235.49932172717016,237.3148711146793,233.22988499278367,236.10772705078125,28651500
2022-06-15,AAPL,131.5338494146611,134.52125474775525,129.4475753177957,132.65045166015625,91533000
2022-06-15,GOOGL,107.52184819954677,110.37321720506895,106.6546047522059,108.7298583984375,39698000
2022-06-15,MSFT,239.796719011748,246.5470730031909,237.9715180249655,243.12843322753903,33111700
2022-06-16,AAPL,129.36922461121898,129.67285985675707,126.39160844816745,127.39067840576172,108123900
2022-06-16,GOOGL,106.2103491341895,107.6243915843616,104.14698304630656,105.03404235839844,51684000
2022-06-16,MSFT,237.5466102902709,238.93724247462407,234.68810167633956,236.5712432861328,33169200
2022-06-17,AAPL,127.40048374314352,130.34870189215334,127.145810351483,128.85989379882812,134520300
2022-06-17,GOOGL,105.03403760367898,107.674908469424,104.05584267457326,106.13357543945312,51376000
2022-06-17,MSFT,236.3105360612127,241.91168786918536,235.6635085645308,239.15939331054688,43084800
2022-06-21,AAPL,130.68166234784275,134.2469537412818,130.5837237330342,133.0813751220703,81000500
2022-06-21,GOOGL,107.90272658856364,111.42917514346335,107.57633415067777,110.49258422851562,47416000
2022-06-21,MSFT,241.67987371090587,246.0159401392919,240.95558733169304,245.0405731201172,29928300
2022-06-22,AAPL,132.0235937967665,134.93263938077834,131.16166488175563,132.57211303710938,73409200
2022-06-22,GOOGL,109.51439846102454,112.27809328975262,109.34203501668972,110.4366226196289,30774000
2022-06-22,MSFT,243.254000161548,248.3529899538609,241.7861089374633,244.4514923095703,25939900
2022-06-23,AAPL,134.0119221215175,135.74558399228505,132.84634321517927,135.43215942382812,72433800
2022-06-23,GOOGL,111.17359901614836,111.67978387662868,109.45892028477276,111.18399810791016,28362000
2022-06-23,MSFT,246.8078191002136,250.477524749986,244.9343294187537,249.9850006103516,25861400
2022-06-24,AAPL,137.02873655581266,138.99749360130787,136.90141479225005,138.75262451171875,89116800
2022-06-24,GOOGL,111.92991405965786,116.9659920122871,111.88781133853584,116.86296844482422,41164000
2022-06-24,MSFT,252.8338064034528,258.7922800868169,252.74689560217155,258.5218811035156,33923200
2022-06-27,AAPL,139.77127334833523,140.54506804098577,138.07678343315314,138.75262451171875,70207900
2022-06-27,GOOGL,117.15816533978835,117.461771988604,114.09381876102697,114.74166107177734,36420000
2022-06-27,MSFT,259.0145330281599,259.10144388225046,254.25356292476388,255.80838012695312,24615100
2022-06-28,AAPL,139.212931320367,140.47644880841756,134.50165406172098,134.6191864013672,67083400
2022-06-28,GOOGL,114.71094784953132,116.2037466723982,110.7937245115218,110.95172119140624,35792000
2022-06-28,MSFT,254.9294781095976,257.7590162284537,247.53209704046705,247.6866149902344,27295500
2022-06-29,AAPL,134.63878986432783,137.78289974267364,133.8649953839291,136.37245178222656,66242400
2022-06-29,GOOGL,110.50050890465708,112.09384476980462,109.82740954217137,110.64859771728516,24716000
2022-06-29,MSFT,248.7585485946105,252.9883854398913,246.99128819672805,251.33702087402344,20069800
2022-06-30,AAPL,134.4330767564404,135.53008505921423,131.02450456880948,133.91395568847656,98964500
2022-06-30,GOOGL,108.96313316946272,109.84276331000032,105.74376787127404,107.93590545654295,43170000
2022-06-30,MSFT,248.2371320289777,250.6321168330318,244.22941900924096,248.0246734619141,31730900
2022-07-01,AAPL,133.2479128863371,136.18634098386156,132.87572215700436,136.07859802246094,71051600
2022-07-01,GOOGL,106.91561856393405,108.22020580753812,105.72445397417482,107.71253967285156,35476000
2022-07-01,MSFT,247.5997391923252,250.86383187727745,245.8807525453877,250.6803436279297,22837700
2022-07-05,AAPL,134.94243962271915,138.70362462604172,134.11966825992553,138.65464782714844,73353800
2022-07-05,GOOGL,106.09097773944876,112.3083126633725,104.7348786039733,112.19538879394533,39342000
2022-07-05,MSFT,247.37760464946803,253.9637892662612,246.0062908587965,253.83824157714844,22941000
2022-07-06,AAPL,138.44894003031942,141.16207781793045,138.18447732277275,139.98670959472656,74064300
2022-07-06,GOOGL,112.23402443600864,114.49996109393334,110.425232206375,113.49205017089844,37432000
2022-07-06,MSFT,254.7074173961321,258.8020409501888,253.40369581093597,257.08306884765625,23824400
2022-07-07,AAPL,140.3491492881493,143.5422515193908,140.3393599057939,143.3463592529297,66253700
2022-07-07,GOOGL,113.99526935516327,118.06603072108908,113.75109471352565,117.66336059570312,40936000
2022-07-07,MSFT,256.0303623949221,259.8352819464038,255.93378499828523,259.1979064941406,20859900
2022-07-08,AAPL,142.2786895406023,144.52169812610057,142.02403114104803,144.02215576171875,64547800
2022-07-08,GOOGL,116.14480464976064,118.55684998677997,115.7995865179468,118.22847747802734,38238000
2022-07-08,MSFT,255.71167907622672,258.9081933182006,254.26310659903197,258.4832763671875,19658800
2022-07-11,AAPL,142.6802818681296,143.63037488194183,140.82907263468897,141.89669799804688,63141600
2022-07-11,GOOGL,116.88574836577106,116.88574836577106,114.24338897628644,114.58612823486328,31196000
2022-07-11,MSFT,256.5422605778031,257.3920947473616,253.19122734678487,255.4413604736328,19455200
2022-07-12,AAPL,142.768425199881,145.40321819395862,142.07300556646354,142.8663787841797,77588800
2022-07-12,GOOGL,115.1195505184911,115.87139882340728,112.61835728538988,112.94573974609376,29960000
2022-07-12,MSFT,256.764381930095,256.8223224888686,243.39887133033,244.97299194335935,35868500
2022-07-13,AAPL,140.05530730128564,143.44428658574307,139.20315284375937,142.50399780273438,71185600
2022-07-13,GOOGL,110.64809930840664,113.11958408095616,110.15331111772146,110.30387878417967,43722000
2022-07-13,MSFT,241.6122988664281,244.857102670488,239.60360939385333,244.05555725097656,29497400
2022-07-14,AAPL,141.12292146669557,145.8929653987599,140.30995449187216,145.42282104492188,78140700
2022-07-14,GOOGL,109.1716611307002,110.04584240505244,107.35147984912258,109.32717895507812,37004000
2022-07-14,MSFT,241.97925680708025,246.39256746391416,237.5079908622042,245.3689117431641,25102800
2022-07-15,AAPL,146.7059565075189,147.763792686889,145.15838218653053,147.08795166015625,76259900
2022-07-15,GOOGL,110.94479736923232,112.07405123227753,109.8546685831436,110.72389221191406,46770000
2022-07-15,MSFT,246.9526656408632,251.4432349450589,246.0352392463724,247.9183807373047,29774100
2022-07-18,AAPL,147.64623499784832,148.45920196700573,143.6891431225671,144.0515594482422,81420900
2022-07-18,GOOGL,111.57824602434704,112.60844381063112,107.34849870061804,108.00227355957033,43164600
2022-07-18,MSFT,250.8444677032201,251.89709350178265,244.61560898842043,245.5330352783203,20975000
2022-07-19,AAPL,144.88410592104603,148.1261694879342,143.8948404199678,147.90089416503906,82982400
2022-07-19,GOOGL,109.80513015974968,112.94524803380152,108.52728874896476,112.73722839355467,36530900
2022-07-19,MSFT,248.74893867803232,250.81558360506327,244.98265483156152,250.6320953369141,25012600
2022-07-20,AAPL,148.01842499581136,150.5650688606649,147.2838179131366,149.89901733398438,64823400
2022-07-20,GOOGL,112.10324795723945,114.3122311092459,111.41975709613077,112.8263702392578,35600400
2022-07-20,MSFT,250.98939669680948,255.78900284248536,250.0333479953983,253.27813720703125,22788300
2022-07-21,AAPL,151.32906041419434,152.3771070356204,148.821603940378,152.16162109375,65086600
2022-07-21,GOOGL,113.20279027118345,113.47024947099275,110.06267265031975,113.26222229003906,32676200
2022-07-21,MSFT,250.88321967054287,255.8083742550317,248.21783565442735,255.76007080078125,22404700
2022-07-22,AAPL,152.20079694797485,153.07253011561605,150.2614383736218,150.92747497558594,66675400
2022-07-22,GOOGL,109.9537045659486,111.28106998447004,105.49612194841016,106.88292694091795,48901200
2022-07-22,MSFT,256.14627306708184,256.23318389270804,250.18782718594755,251.4335784912109,21881300
2022-07-25,AAPL,150.849124954379,151.85798424989775,149.1546353044719,149.81088256835938,53623900
2022-07-25,GOOGL,107.38813835101456,108.8343755835524,105.29802646271146,106.49662017822266,34690900
2022-07-25,MSFT,252.05166965931448,252.53452726402583,248.0053205741304,249.9560546875,21056000
2022-07-26,AAPL,149.13502930916428,149.94799628582763,147.70500253719806,148.48858642578125,55138700
2022-07-26,GOOGL,105.59519924903144,106.18954220710675,103.08904794486877,104.03009033203124,47991000
2022-07-26,MSFT,250.9507414709721,250.97007463688564,241.0135531339976,243.2636566162109,39348000
2022-07-27,AAPL,149.44849566558014,154.1010080911438,149.03711741300498,153.57208251953125,78620700
2022-07-27,GOOGL,108.23011657455984,112.83628715279444,106.99189908350104,111.99429321289062,59858500
2022-07-27,MSFT,252.2061678876976,260.79136010238045,249.9753682862524,259.5262756347656,45994000
2022-07-28,AAPL,153.7581586202447,154.40461645264705,151.24091273921562,154.12057495117188,81378700
2022-07-28,GOOGL,111.31079605080367,113.2622203589268,110.40937014030531,113.1433563232422,32816600
2022-07-28,MSFT,260.5017124389849,268.3143459872542,258.68616288804407,266.9333801269531,33459300
2022-07-29,AAPL,157.93072824104914,160.2716754702952,156.22643448443253,159.17465209960938,101786900
2022-07-29,GOOGL,112.01410659400564,115.60988739252208,111.99429088237235,115.22356414794922,37223400
2022-07-29,MSFT,268.1791152582621,272.33167871252647,267.1457929503217,271.1148681640625,32152800
2022-08-01,AAPL,157.70548276904853,160.23253356212356,157.5879503888758,158.19522094726562,67829400
2022-08-01,GOOGL,114.21319112150869,115.61980446035776,113.26223338181438,113.77733612060548,26034300
2022-08-01,MSFT,268.29496636983305,271.6363322420064,266.38283993190936,268.4784545898437,21539600
2022-08-02,AAPL,156.81414688340993,159.07673453265352,156.35379186998745,156.72598266601562,59907000
2022-08-02,GOOGL,112.92543862061498,115.25328606314042,112.64807910337518,114.04478454589844,20236000
2022-08-02,MSFT,266.5373945260248,268.3626103956282,263.0415102262708,265.3978576660156,22754200
2022-08-03,AAPL,157.53891577890045,163.1709027619496,157.450766526114,162.72035217285156,82507500
2022-08-03,GOOGL,114.61933182735244,117.50190617706464,114.39150400933968,116.9669952392578,28499000
2022-08-03,MSFT,267.2713577584934,273.7802690088794,267.12647689627147,272.7855834960937,23518900
2022-08-04,AAPL,162.60281360750764,163.7586031177134,161.0552396557241,162.40692138671875,55474100
2022-08-04,GOOGL,116.37262877941384,117.66037035567156,115.78818623003248,117.07593536376952,21602900
2022-08-04,MSFT,272.13853085373546,274.0699612486414,270.56443983776984,273.92510986328125,18098700
2022-08-05,AAPL,160.08234575425365,162.67175374212067,159.87636348602825,162.18133544921875,56697000
2022-08-05,GOOGL,115.13442225860744,116.996698705037,114.90658690755124,116.36273193359376,19159500
2022-08-05,MSFT,269.5793511881544,273.9250689272582,269.1254639343299,273.21044921875,16774600
2022-08-08,AAPL,163.18179581085533,164.59420304327227,161.05338198319762,161.71054077148438,60276900
2022-08-08,GOOGL,117.27406569542369,119.01747820672088,115.77829670617234,116.19434356689452,19138300
2022-08-08,MSFT,274.3113883534034,276.11730051736697,269.74357435929414,270.70928955078125,18739200
2022-08-09,AAPL,160.8768354992681,162.6423445061743,160.1215870695177,161.75958251953125,63135500
2022-08-09,GOOGL,116.0358344903164,116.21413810759836,114.6193134078761,115.5306396484375,19086500
2022-08-09,MSFT,270.0526525666318,273.37468623177955,268.0922221285978,272.6214294433594,23405200
2022-08-10,AAPL,164.46669306704544,166.09488560468589,163.70164162721542,165.99681091308594,70170500
2022-08-10,GOOGL,117.66038995375868,119.78021791532228,117.29388237490144,118.57171630859376,30930400
2022-08-10,MSFT,278.29016718582943,279.8739248174104,277.1023268586765,279.2462158203125,24687800
2022-08-11,AAPL,166.8010905635419,167.71327649760102,164.9669306824805,165.2611846923828,57149200
2022-08-11,GOOGL,120.1368212493172,120.34484089581902,117.44245858656528,117.71981811523438,24293700
2022-08-11,MSFT,280.8782402159332,281.22588350260514,276.6870402559907,277.1795349121094,20065900
2022-08-12,AAPL,166.56566536252754,168.8706222095757,166.15370085284405,168.80197143554688,68039400
2022-08-12,GOOGL,119.12642212115914,120.53303527832033,118.33395995960056,120.53303527832033,19096300
2022-08-12,MSFT,278.58949041203584,281.9018859863281,277.1022809714472,281.9018859863281,22619700
2022-08-15,AAPL,168.2330984181666,170.0672580774187,168.06635799154176,169.87109375,54091700
2022-08-15,GOOGL,119.98822567992796,121.14720300149364,119.47313052616089,120.92927551269533,19494800
2022-08-15,MSFT,281.02312948938925,284.09409682100915,280.1636287959346,283.408447265625,18085700
2022-08-16,AAPL,169.46896318920653,170.38114909928225,168.3704308785935,169.71417236328125,56377100
2022-08-16,GOOGL,120.37455281758773,121.27597881260756,119.50285039175542,120.5528564453125,19041200
2022-08-16,MSFT,281.97912247538005,283.958855971732,280.4629722748616,282.6744384765625,18102900
2022-08-17,AAPL,169.4591141831557,172.77433113905738,169.26294989045238,171.2050018310547,79542000
2022-08-17,GOOGL,118.98775310554484,120.1467228864073,118.25472289488862,118.42312622070312,22847000
2022-08-17,MSFT,280.4002966761273,283.8939446185247,280.1390106883986,281.92938232421875,18253400
2022-08-18,AAPL,170.4203849105247,171.54834118381174,169.8024529702403,170.81271362304688,62290100
2022-08-18,GOOGL,118.30424698639806,119.6811441703863,117.60094038977294,119.03726959228516,17987700
2022-08-18,MSFT,280.8357203997343,282.50027733774294,279.76148592010856,280.8163757324219,17186200
2022-08-19,AAPL,169.71418188591318,170.4105825645676,168.02714147630917,168.23312377929688,70346300
2022-08-19,GOOGL,117.9377392404507,118.0268948312616,115.65942355139305,116.1051788330078,21809500
2022-08-19,MSFT,279.58728744368415,279.9260110820991,276.3549560628905,276.9259338378906,20570000
2022-08-22,AAPL,166.43814850327874,166.60488891273792,163.93701242863682,164.35877990722656,69026800
2022-08-22,GOOGL,114.11411997895851,114.54006709454625,112.77684661152536,113.16316986083984,21456600
2022-08-22,MSFT,272.98716276174565,273.3549182202422,268.28383861490187,268.7967529296875,25061100
2022-08-23,AAPL,163.87819481513557,165.47696339789675,163.4564272588674,164.0253143310547,54147100
2022-08-23,GOOGL,112.41032780841032,113.92590464344327,112.36079609116288,112.7867431640625,15870400
2022-08-23,MSFT,267.5289306640625,269.87090517738073,266.5224469010499,267.5289306640625,17527400
2022-08-24,AAPL,164.11361274111158,164.88846719098774,163.06411023124903,164.319580078125,53841500
2022-08-24,GOOGL,112.43015094510808,113.6980844778473,111.80609203500424,112.6183624267578,17734600
2022-08-24,MSFT,266.5321774149117,268.29351690361904,266.24183017802443,266.8999328613281,18137000
2022-08-25,AAPL,165.54557613198625,166.87951431310276,165.12382363903936,166.77162170410156,51218200
2022-08-25,GOOGL,113.1631738023058,115.61980069445303,113.03440190054243,115.55046081542967,16956800
2022-08-25,MSFT,268.3902150863817,270.02574005918285,265.670798197986,269.8612365722656,16583400
2022-08-26,AAPL,167.30135596498863,167.77215348287845,160.4256797689523,160.48452758789062,78961000
2022-08-26,GOOGL,113.63864552506944,114.03487661925666,109.15134671028687,109.2999267578125,37245700
2022-08-26,MSFT,270.0838799821935,271.3032734990673,259.3417106465169,259.4481506347656,27549300
2022-08-29,AAPL,158.06181135805244,159.77827539995786,156.7573118566176,158.28741455078125,73314000
2022-08-29,GOOGL,108.95323007744102,109.9041801925072,107.77445217888464,108.38860321044922,21191200
2022-08-29,MSFT,257.28030737067536,258.78033116845745,255.34477754961907,256.6802978515625,20338500
2022-08-30,AAPL,159.02307224651202,159.4448248788866,154.69757844618866,155.86477661132812,77906200
2022-08-30,GOOGL,109.13154119164548,109.45843244169193,106.7838855317196,107.91313934326172,27513300
2022-08-30,MSFT,258.0739373346952,258.4416632715631,252.25765951741025,254.49319458007807,22767100
2022-08-31,AAPL,157.23793525223348,157.50276536238007,154.1286845852179,154.2071533203125,87991100
2022-08-31,GOOGL,109.60701580275752,109.80512758191875,107.11076506343836,107.19992065429688,28627000
2022-08-31,MSFT,256.835171011409,258.4996984815058,252.90601788695523,253.04151916503903,24791800
2022-09-01,AAPL,153.63825654168207,155.38414463005734,151.70600708998924,154.93296813964844,74229900
2022-09-01,GOOGL,107.25935215267644,109.40889593174482,106.34802588101796,108.7055892944336,28360900
2022-09-01,MSFT,250.5253477936383,252.4802522057439,247.17688880265305,252.0060272216797,23263400
2022-09-02,AAPL,156.6886565527691,157.286967514474,152.00025851175562,152.82415771484375,76957800
2022-09-02,GOOGL,109.54756736557177,109.69615496666864,106.24896192011391,106.8333969116211,24160700
2022-09-02,MSFT,253.2641170821404,256.20610147316614,246.26716536821397,247.805908203125,22855400
2022-09-06,AAPL,153.4715206737186,154.07963464254792,150.7447958267751,151.56869506835938,73714800
2022-09-06,GOOGL,106.28860176725996,107.0117166132006,104.78292493403374,105.80321502685548,25068300
2022-09-06,MSFT,247.9414362596074,249.518868601242,243.8187473859024,245.0865173339844,21328200
2022-09-07,AAPL,151.8530995373935,153.66763790838854,150.6662809011109,152.97125244140625,87449600
2022-09-07,GOOGL,106.05084848113616,108.94333026280532,105.89236057332784,108.41831970214844,23167000
2022-09-07,MSFT,246.48972426139284,250.4865833733889,245.0574363023817,249.77044677734372,24126700
2022-09-08,AAPL,151.67655864828822,153.36359865770876,149.75411248649127,151.50001525878906,84923800
2022-09-08,GOOGL,107.02162214412527,108.56691525636909,106.14991969368934,107.35841369628906,24238300
2022-09-08,MSFT,249.2091771544437,252.0350344444473,246.57684037919475,250.1865997314453,20319900
2022-09-09,AAPL,152.49067960307377,154.79565178409123,151.78447599724632,154.35426330566406,68028800
2022-09-09,GOOGL,108.04191626225722,109.9438167112651,107.99238453450448,109.60702514648438,23197700
2022-09-09,MSFT,252.10276352799647,256.68030226569743,251.8995411627663,255.9351043701172,22084700
2022-09-12,AAPL,156.53171708379904,161.11222243462,156.24728104104713,160.29812622070312,104956000
2022-09-12,GOOGL,109.94381249512504,110.56787898796314,108.89380641286198,109.8150405883789,22966800
2022-09-12,MSFT,257.212644911898,258.8288258614007,256.61263518710047,258.0545959472656,18747700
2022-09-13,AAPL,156.8357744463717,157.46350930410847,150.43091231518306,150.89190673828125,122656600
2022-09-13,GOOGL,106.78387045172992,107.27915740640869,103.10883459743197,103.336669921875,38172900
2022-09-13,MSFT,250.49632403928555,252.00603528741848,243.48002680941664,243.8671417236328,33353300
2022-09-14,AAPL,151.82371618505977,154.08946168271527,150.66633598686377,152.33375549316406,87965400
2022-09-14,GOOGL,103.58431444800893,104.28762102387624,102.68289611125589,104.01026153564452,26395100
2022-09-14,MSFT,245.3574762961727,246.03490888980133,241.80578027171973,244.08970642089844,23913000
2022-09-15,AAPL,151.6863795720259,152.26508456095567,148.47905455230304,149.4500732421875,90481100
2022-09-15,GOOGL,103.0494253696525,104.27773517279051,101.3852605316187,101.9399871826172,34188300
2022-09-15,MSFT,241.71867215528192,243.29611908968656,236.1540233138753,237.47018432617188,31530900
2022-09-16,AAPL,148.31230899881908,148.44962552428208,145.5267216779744,147.81207275390625,162278800
2022-09-16,GOOGL,101.10789415037412,102.15790023712232,99.98854818162332,101.83101654052734,42797200
2022-09-16,MSFT,236.38627698047728,237.3927608644155,234.25719690326952,236.85081481933597,39791800
2022-09-19,AAPL,146.4487439883553,151.59813732109004,146.24277663621996,151.51966857910156,81474200
2022-09-19,GOOGL,100.7909000168843,102.35600868106442,100.59278824868812,102.09845733642578,23036800
2022-09-19,MSFT,234.65401793519453,237.2379491228401,233.08624311204255,236.637939453125,26826900
2022-09-20,AAPL,150.46036632402453,155.050690549917,150.14650631554355,153.89329528808594,107689800
2022-09-20,GOOGL,101.11779510985504,101.40506247498008,99.57249454030392,100.18665313720705,26517100
2022-09-20,MSFT,234.26687239156135,235.66044153829108,231.91519584554464,234.63461303710935,26660300
2022-09-21,AAPL,154.32485530993193,155.6980357811973,150.65653533272163,150.77423095703125,101696800
2022-09-21,GOOGL,100.71166392865516,101.9102576469996,98.33428464808382,98.3441925048828,31487300
2022-09-21,MSFT,236.3959532496293,239.67667590576733,231.19904532157508,231.2474365234375,28625600
2022-09-22,AAPL,149.45991695080835,151.5098622787984,148.01808565192604,149.81301879882812,86652500
2022-09-22,GOOGL,97.88852564747052,100.2857129937486,97.8588096356747,99.19608306884766,34298600
2022-09-22,MSFT,230.20224081204796,235.99915810009645,229.91192314451845,233.2119903564453,31061200
2022-09-23,AAPL,148.292701934514,148.5673350111051,145.7130966439831,147.54725646972656,96029900
2022-09-23,GOOGL,98.69087530642672,98.72059887182064,96.5512396042916,97.80926513671876,31625400
2022-09-23,MSFT,231.81838467641813,233.35714200417164,227.6182887895088,230.2506103515625,34176000
2022-09-26,AAPL,146.79202323434507,150.82326264584486,146.77240230987616,147.88075256347656,93339400
2022-09-26,GOOGL,97.17531191386048,98.93853249770274,96.87814423603862,97.2446517944336,27072700
2022-09-26,MSFT,229.40870677369827,233.66686706312996,229.263533156856,229.7958068847656,27694200
2022-09-27,AAPL,149.81300689014782,151.75505941669135,147.0764640439276,148.85177612304688,84442700
2022-09-27,GOOGL,98.49278678097762,99.05741373697916,95.95691940770485,96.58097839355467,30072800
2022-09-27,MSFT,232.2442197014512,234.0055589313427,226.94087211261905,228.789306640625,27018700
2022-09-28,AAPL,144.81071412247172,147.75322390412563,142.06436866631904,146.9685516357422,146691400
2022-09-28,GOOGL,96.72955443737824,99.75080065991985,96.1946435603836,99.10693359375,32466300
2022-09-28,MSFT,229.1764146595356,234.5184812999227,227.16346179841983,233.29910278320312,29029700
2022-09-29,AAPL,143.3002265150421,143.90834038923484,137.9840792223541,139.7495880126953,128138200
2022-09-29,GOOGL,97.71022581973406,97.71022581973406,95.05548700550042,96.50172424316406,31047200
2022-09-29,MSFT,231.18936994540456,232.21519843693235,226.8537870735636,229.84417724609372,27484200
2022-09-30,AAPL,138.5725991267457,140.35772899315157,135.35545614892226,135.55162048339844,124925300
2022-09-30,GOOGL,96.13521058040764,97.967770985256,94.65924986585829,94.74840545654295,32941500
2022-09-30,MSFT,230.6086930507664,232.7861640901867,225.22792253383932,225.39244079589844,35694800
2022-10-03,AAPL,135.56144631438175,140.32831325471835,135.05140704196927,139.72018432617188,114311700
2022-10-03,GOOGL,95.84795139144904,98.35410263850108,95.61020816765206,97.7102279663086,27982000
2022-10-03,MSFT,227.82154744014304,233.8216870981845,227.09572373714803,232.979736328125,28880400
2022-10-04,AAPL,142.25075989142124,143.41795807791704,141.4955113649154,143.30026245117188,87830100
2022-10-04,GOOGL,99.49325242488644,100.8800499433102,99.43381284732564,100.68193817138672,28850800
2022-10-04,MSFT,237.18952317598576,242.2896489224366,237.0830684340208,240.85736083984372,34888400
2022-10-05,AAPL,141.30913113651346,144.55569777280346,140.2694318056122,143.59446716308594,79471000
2022-10-05,GOOGL,98.88900581563564,100.96920973741486,97.86871578851174,100.4739227294922,22176900
2022-10-05,MSFT,238.06052054576585,242.5025584054372,236.23144526431756,241.1670379638672,20347100
2022-10-06,AAPL,143.01577382273572,144.7126168501461,142.43708385477177,142.64305114746094,68402200
2022-10-06,GOOGL,99.73098951026392,101.95978098541212,99.6418339213685,100.4640121459961,22324000
2022-10-06,MSFT,239.93795297204747,242.2702700067914,238.14759670449743,238.83470153808597,20239900
2022-10-07,AAPL,139.80842665549343,140.35770766147775,136.77764549427565,137.40538024902344,85925600
2022-10-07,GOOGL,98.9088095152522,99.58240011798392,97.37342439434228,97.74983978271484,27502800
2022-10-07,MSFT,233.13458913635256,233.541063442652,225.65376961113512,226.6892852783203,37769600
2022-10-10,AAPL,137.72906494140625,139.17089585032406,135.91452632499212,137.72906494140625,74899000
2022-10-10,GOOGL,98.0668223782474,98.16587826309312,96.09558230714256,96.93756866455078,18225100
2022-10-10,MSFT,225.53766359831536,226.99898360972267,219.4213809672786,221.8601531982422,29743600
2022-10-11,AAPL,137.21904887976436,138.64127407342733,135.57125040118655,136.31668090820312,77033700
2022-10-11,GOOGL,96.51162818804232,98.31447262301144,95.40218255210743,96.26398468017578,26507100
2022-10-11,MSFT,220.2826425475195,221.6762263708762,216.8857930532779,218.14389038085935,30474000
2022-10-12,AAPL,136.46384967439388,137.67027493258615,135.5124366353625,135.68898010253906,70433700
2022-10-12,GOOGL,96.3828523219572,97.81918158553776,95.82812574805676,96.64039611816406,21876400
2022-10-12,MSFT,218.13423774935973,220.5149462849339,216.74066847271945,218.47296142578125,21903900
2022-10-13,AAPL,132.40313927882983,140.83832513907973,131.79501040391918,140.2498321533203,113224000
2022-10-13,GOOGL,94.2531184072858,98.83947334531618,93.49037218865716,98.12625885009766,34574500
2022-10-13,MSFT,212.76314712814823,228.4893288195169,212.0663551272384,226.6892852783203,42551800
2022-10-14,AAPL,141.5445499741852,141.75053227831364,135.5418338120233,135.7281951904297,88598000
2022-10-14,GOOGL,99.047503180077,99.74090959182634,95.46162973731526,95.64983367919922,25410700
2022-10-14,MSFT,227.94737889006004,229.5925913283704,220.9794733149992,221.1923828125,30198600
2022-10-17,AAPL,138.3666062011952,140.16152374746147,137.58193404215913,139.68092346191406,85250900
2022-10-17,GOOGL,97.92814174923495,99.9786295328087,97.89842573979584,99.02767944335938,28419200
2022-10-17,MSFT,228.21832972494963,231.25711097245292,227.56024190285072,229.87319946289065,28142300
2022-10-18,AAPL,142.70194639396894,143.88875049899616,137.91545818930572,140.9952850341797,99136600
2022-10-18,GOOGL,102.1579078464767,102.49470698234794,99.0276975090124,99.82015228271484,24060700
2022-10-18,MSFT,235.39917762563184,236.06692311030656,227.78285659055385,230.8119659423828,26329600
2022-10-19,AAPL,138.97472082668796,142.172242307933,138.78835950411164,141.10313415527344,61758300
2022-10-19,GOOGL,99.06730275919794,100.0677770063392,97.98757322485925,98.69087982177734,23811100
2022-10-19,MSFT,229.39901697875123,231.88618020226815,226.7376631373762,228.8570709228516,19985700
2022-10-20,AAPL,140.2792613677454,143.0942577538532,139.91634163141595,140.6421661376953,64522000
2022-10-20,GOOGL,99.05739545279847,101.35552672500424,98.45314473593804,99.02767944335938,25323200
2022-10-20,MSFT,228.169979034466,233.5313911269357,227.2989815947228,228.5377197265625,21811000
2022-10-21,AAPL,140.13212478208789,145.0167019837592,139.916339525803,144.44781494140625,86548600
2022-10-21,GOOGL,96.92767591531036,100.35506145600336,96.79890400068932,100.1767578125,32458700
2022-10-21,MSFT,227.1731808307393,235.166915097807,226.9409118947973,234.31527709960935,26299700
2022-10-24,AAPL,144.36932866368048,147.3510650763543,143.2021308192321,146.5860137939453,75981900
2022-10-24,GOOGL,100.84043534742486,101.78147761626212,99.0375909853776,101.55364227294922,27176400
2022-10-24,MSFT,235.90241694894004,239.850900353894,233.5217230573901,239.2799224853516,24911200
2022-10-25,AAPL,147.21380186240924,149.5678193244191,146.49779513966664,149.42068481445312,74732300
2022-10-25,GOOGL,101.93006943778678,103.83196976605646,101.751765809669,103.49517822265624,40611400
2022-10-25,MSFT,239.2896067054904,242.9477578069221,237.90570962314223,242.58001708984372,34775500
2022-10-26,AAPL,148.06710843299678,149.07736899312695,145.20305222207165,146.4879608154297,88194300
2022-10-26,GOOGL,95.52105546451727,97.38333194848032,93.79745874225998,94.03519439697266,88114100
2022-10-26,MSFT,223.71821446357916,230.6183830586996,222.6439948132426,223.86338806152344,82543200
2022-10-27,AAPL,145.23254885653395,146.19376497282255,141.3680484934493,142.02520751953125,109180200
2022-10-27,GOOGL,93.62905426662633,94.53048026417704,90.93469924535805,91.35073852539062,60710900
2022-10-27,MSFT,223.5924250678105,226.15701124638468,218.50198634809385,219.4407196044922,40424600
2022-10-28,AAPL,145.35999154749908,154.48177557471033,144.98728378991743,152.75550842285156,164762400
2022-10-28,GOOGL,91.4002729619498,95.63993664749827,91.2615931863574,95.38238525390624,43697300
2022-10-28,MSFT,218.94718608542487,228.97323332024203,218.7633083498998,228.26675415039065,40647700
2022-10-31,AAPL,150.2249153618166,151.284220531453,149.0086727671134,150.40145874023438,97943200
2022-10-31,GOOGL,94.52057434230905,95.12482511935792,93.09415284479122,93.61915588378906,31675000
2022-10-31,MSFT,226.22473999169745,227.3473509303388,223.69887276321543,224.6472930908203,28357300
2022-11-01,AAPL,152.10814502054632,152.4710497811702,146.27217011734126,147.76303100585938,80379300
2022-11-01,GOOGL,94.55028769007764,95.12482243853582,89.5181773853351,89.61723327636719,47161400
2022-11-01,MSFT,227.0376467456196,228.14089811809836,220.00199193356548,220.81491088867188,30592300
2022-11-02,AAPL,146.09561013902547,149.2539052221096,142.22130852087065,142.250732421875,93604600
2022-11-02,GOOGL,90.08280280353895,90.32053844962222,86.06106718761413,86.15022277832031,57038300
2022-11-02,MSFT,222.0633621151271,223.8440461607832,212.94700287287876,213.0050811767578,38407000
2022-11-03,AAPL,139.33766635298934,140.0634909361085,136.09109910411752,136.21861267089844,97918500
2022-11-03,GOOGL,85.50634332478795,85.70445509240571,82.55442961941449,82.64358520507812,61288000
2022-11-03,MSFT,212.9954026993864,213.3050945982589,207.08235775345725,207.3436584472656,36633900
2022-11-04,AAPL,139.59827074317496,140.16810151754257,132.0234836201314,135.95333862304688,140814800
2022-11-04,GOOGL,84.59502310696469,85.82333277984429,82.9209505890823,85.76390075683594,51124900
2022-11-04,MSFT,210.53729517480696,214.4470595832424,206.5500930213605,214.2535095214844,36789100
2022-11-07,AAPL,134.70559929239224,136.70981865595215,133.29084915754692,136.48385620117188,83374600
2022-11-07,GOOGL,86.45729025652912,88.06202272257539,86.03134316996938,87.6558837890625,34078900
2022-11-07,MSFT,214.83414923285227,221.0471985169305,214.14702961237924,220.52459716796875,33498000
2022-11-08,AAPL,137.94771058910516,138.94981261597127,135.07891882338652,137.0536651611328,89908500
2022-11-08,GOOGL,88.06202697753906,89.46864019368525,86.76436994463386,88.06202697753906,30429000
2022-11-08,MSFT,221.32788282257263,224.1827870097173,218.56007395328075,221.49240112304688,28192500
2022-11-09,AAPL,136.07119972756607,136.12032590260378,132.22976370415523,132.50485229492188,74917800
2022-11-09,GOOGL,87.616271304768,88.59694505123552,86.4573014852848,86.4969253540039,31769100
2022-11-09,MSFT,220.04072724111327,221.26012061364744,217.098728086194,217.27291870117188,27852900
2022-11-10,AAPL,138.7631880310501,144.29444885253906,137.0536956773793,144.29444885253906,118854000
2022-11-10,GOOGL,91.38043976059588,93.50026724366884,90.74647308663828,93.05451202392578,51620100
2022-11-10,MSFT,227.84089369162848,235.48624560984527,227.42476185380536,235.14752197265625,46268000
2022-11-11,AAPL,143.26286485614494,147.37937519314977,141.83828048896822,147.07481384277344,93979700
2022-11-11,GOOGL,93.79745509098436,96.01633874938152,93.03470887381415,95.5012435913086,33090500
2022-11-11,MSFT,235.15723711883936,239.99606241623323,234.1313937515766,239.14442443847656,34620200
2022-11-14,AAPL,146.3576203774582,147.64464544159856,144.84461786588682,145.67971801757812,73374100
2022-11-14,GOOGL,94.19368469847872,95.87766515214165,93.61915748150425,94.79793548583984,30179500
2022-11-14,MSFT,234.18946032496396,236.0475673740293,231.4990747757724,233.76364135742188,31123300
2022-11-15,AAPL,149.55065357357725,150.8966242970365,145.95483216140596,147.40887451171875,89868300
2022-11-15,GOOGL,97.33380422522976,99.19608064116606,95.79841148852762,97.5121078491211,41640800
2022-11-15,MSFT,237.7411602960992,239.03796188941357,232.29263846365,234.17010498046875,31390100
2022-11-16,AAPL,146.51483522710427,147.2418488642614,144.70709039322372,146.1807861328125,64218300
2022-11-16,GOOGL,96.9772010829533,98.70079781521773,96.71964971365578,97.91824340820312,29105200
2022-11-16,MSFT,235.62581110898188,236.6060177766138,233.32574917375413,234.5970916748047,24093300
2022-11-17,AAPL,143.8621718356149,148.8236171893066,143.5870831617381,148.0769500732422,80389400
2022-11-17,GOOGL,96.0559565217017,98.34417991306272,95.87765290955151,97.43285369873048,26052600
2022-11-17,MSFT,230.76365473112853,236.07224872369895,230.61808681154827,234.54856872558597,23123500
2022-11-18,AAPL,149.63903422199823,150.022194440957,147.3400729082456,148.6369171142578,74829600
2022-11-18,GOOGL,97.8389927582132,97.96777221776902,95.46162115308442,96.51162719726562,28342300
2022-11-18,MSFT,236.3245938837583,236.5478177930803,231.9767921721455,234.1021728515625,27613500
2022-11-21,AAPL,147.52674987775407,147.73305885560603,145.12953609848137,145.41444396972656,58724100
2022-11-21,GOOGL,96.37295571478498,97.47249357744444,94.46114738720853,94.69888305664062,21647400
2022-11-21,MSFT,234.30593853934627,237.45033878363537,234.07302987509,234.90765380859372,26394700
2022-11-22,AAPL,145.5323481888436,147.7821833963105,144.353379792247,147.54638671875,51804100
2022-11-22,GOOGL,95.04557824487564,96.30361153605568,93.16349357268427,96.13521575927734,23438500
2022-11-22,MSFT,236.40218676626336,238.07143450191683,233.6071793553725,237.79969787597656,19665700
2022-11-23,AAPL,146.82920540527334,149.16747394284351,146.72113379241404,148.42080688476562,58301400
2022-11-23,GOOGL,96.17482467577447,97.82908897612424,96.17482467577447,97.53191375732422,18868100
2022-11-23,MSFT,237.87740335454103,240.9538626225825,237.06219325627015,240.27452087402344,19508500
2022-11-25,AAPL,145.70921560778717,146.26922721502757,144.54008119228595,145.51272583007812,35195900
2022-11-25,GOOGL,97.31399791067795,97.71022906397693,96.48191929048276,96.54135131835938,9701400
2022-11-25,MSFT,240.01243748252853,241.3614211261425,239.449550196976,240.1871337890625,9200800
2022-11-28,AAPL,142.5947520740256,144.06844732695734,140.8656217074189,141.69088745117188,69246000
2022-11-28,GOOGL,96.1253119375641,96.6602228605022,94.70879066686162,95.14464569091795,26237500
2022-11-28,MSFT,238.8187702142289,239.37194317865055,233.69457155598104,234.6262359619141,24778200
2022-11-29,AAPL,141.75967888062996,142.2705641956943,137.88878454429147,138.69439697265625,83763800
2022-11-29,GOOGL,94.827650725927,95.21397397473142,93.22291815263816,94.29273986816406,20061700
2022-11-29,MSFT,234.2768989569896,235.6258830282096,231.1810401179187,233.2384796142578,17956300
2022-11-30,AAPL,138.92038744793726,146.1120302873751,138.08530213977906,145.4341278076172,111380900
2022-11-30,GOOGL,93.92623779872712,100.08761003712026,93.53000663905117,100.03807830810548,43647500
2022-11-30,MSFT,233.47135371926143,247.7958155951577,232.78229762918565,247.6114196777344,47594200
2022-12-01,AAPL,145.61096061666942,146.51482547786148,144.03901260255705,145.70919799804688,71250400
2022-12-01,GOOGL,100.06779432252203,101.28620381596652,99.3050555750674,100.03807830810548,28687100
2022-12-01,MSFT,246.3788718348064,248.5624794776569,243.51592255366532,247.1746826171875,26041500
2022-12-02,AAPL,143.4004227674544,145.40464232225125,143.09584639700262,145.2179718017578,65447400
2022-12-02,GOOGL,98.11635082720888,99.8201316391812,97.96776322615592,99.49324798583984,21480700
2022-12-02,MSFT,242.44839236600893,248.5042548123677,242.32222362886404,247.4949493408203,21528500
2022-12-05,AAPL,145.17867816271277,148.27343309869434,143.21375058654476,144.0586700439453,68826400
2022-12-05,GOOGL,98.46305725876208,100.42438954950684,98.0668261466735,98.54230499267578,24405100
2022-12-05,MSFT,244.57377324279295,246.33037684588197,240.7403313992676,242.8171844482422,23435300
2022-12-06,AAPL,144.49095300364328,144.71691547188212,139.43125562304482,140.40390014648438,64727200
2022-12-06,GOOGL,98.3640036262318,98.83947492565986,95.51114559974336,96.0658721923828,24910700
2022-12-06,MSFT,243.4188877023441,244.42819318650004,236.58661356400265,237.88706970214844,22463700
2022-12-07,AAPL,139.69649373678865,140.85579352307042,137.54489617657669,138.46841430664062,69721100
2022-12-07,GOOGL,95.50122683550975,95.96679018858364,93.82715463990073,94.04508209228516,31045400
2022-12-07,MSFT,237.60562791314456,238.89638442921668,235.062942865181,237.15919494628903,20481500
2022-12-08,AAPL,139.86354485762612,141.0032064446931,138.62564588690643,140.14845275878906,62128300
2022-12-08,GOOGL,94.48095524175793,94.67907459688467,92.56914692029817,92.82669830322266,32213300
2022-12-08,MSFT,237.61531942592248,241.40024809384903,235.8878444020433,240.0997772216797,22611800
2022-12-09,AAPL,139.84384367125406,143.0172114037939,138.429093906724,139.66700744628906,76097000
2022-12-09,GOOGL,92.8861287032563,93.37151544670036,91.8757464609982,91.95499420166016,28225400
2022-12-09,MSFT,237.47946700334128,240.9829448599812,236.95540766792848,238.17822265625,20609700
2022-12-12,AAPL,140.1975885864345,141.9660265170688,138.58634846990296,141.95620727539062,70462700
2022-12-12,GOOGL,91.83611517682478,92.67810157031386,90.74648528186952,92.43045806884766,29420000
2022-12-12,MSFT,240.14833201376896,245.08813458227053,239.87659533709365,245.05902099609372,30665100
2022-12-13,AAPL,146.87833415604433,147.34009332894186,141.71058010364294,142.91900634765625,93886200
2022-12-13,GOOGL,96.83851944299002,98.59183215358875,94.13424901149556,94.72859191894533,40593700
2022-12-13,MSFT,253.96816645301047,256.13237523471446,245.6025264426085,249.33892822265625,42196900
2022-12-14,AAPL,142.8011107216781,144.0881358235322,138.68458524913544,140.69863891601562,82291200
2022-12-14,GOOGL,94.3026381663495,95.95690242669572,92.71772133852876,94.17386627197266,28733600
2022-12-14,MSFT,249.54274040610767,254.84162114511395,246.80594445741409,249.6300811767578,35410900
2022-12-15,AAPL,138.63546667684503,139.3133690938159,133.64454880056925,134.10630798339844,98931900
2022-12-15,GOOGL,92.25216279887748,92.75735770370802,89.1615764575156,90.0035629272461,40107000
2022-12-15,MSFT,246.2333179219407,246.6991500991899,240.0415720481633,241.66229248046875,35560400
2022-12-16,AAPL,134.2929782040358,135.23613504981998,131.38487878191776,132.1511993408203,160156900
2022-12-16,GOOGL,89.904497198702,90.46912406913404,88.67618001312934,89.40921020507812,58011800
2022-12-16,MSFT,241.2158733524857,242.4678019516118,236.3245836806278,237.4697723388672,86102000
2022-12-19,AAPL,132.74067737544078,132.82909551472687,129.01714637272462,130.04872131347656,79592600
2022-12-19,GOOGL,89.40920565184058,89.70637329839354,87.37852605840477,87.60636138916016,29493000
2022-12-19,MSFT,237.6347483108368,237.9744265437408,231.6662265103739,233.35487365722656,29696400
2022-12-20,AAPL,129.08590439011405,130.91328746393052,127.61220884643004,129.97994995117188,77432800
2022-12-20,GOOGL,87.27948209800233,88.33939605285829,86.61579928348552,88.18090057373047,23453800
2022-12-20,MSFT,232.33586378495448,235.742301427316,231.38478542376703,234.66505432128903,25150800
2022-12-21,AAPL,130.64805042002772,134.4108891056121,130.42208791158035,133.07473754882812,85928000
2022-12-21,GOOGL,88.24033160326711,89.36958533140333,87.48749326534973,88.7356185913086,24745600
2022-12-21,MSFT,234.5582830977576,238.3723106756732,233.0249035080357,237.2174224853516,23690600
2022-12-22,AAPL,131.99401195090732,132.20032094511618,128.0150307307424,129.9111785888672,77852100
2022-12-22,GOOGL,87.32900085689239,87.70541622770546,85.50634090497599,86.93276977539062,27658300
2022-12-22,MSFT,234.1409636772944,234.84943370848737,226.9690262734001,231.16156005859372,28651700
2022-12-23,AAPL,128.62415014924704,130.0978457490201,127.3665977700706,129.54766845703125,63814900
2022-12-23,GOOGL,86.28890398968787,88.70590703096771,86.24928012175934,88.38892364501953,23003000
2022-12-23,MSFT,229.1429380757911,231.8214914989184,227.03697155694044,231.6856231689453,21207000
2022-12-27,AAPL,129.07609558176017,129.1055682957193,126.46273834186272,127.74976348876952,69007800
2022-12-27,GOOGL,87.96298201216858,88.10166177985037,86.18985348825937,86.56626892089844,20097300
2022-12-27,MSFT,231.65652750812143,231.8797366085177,228.8712191239028,229.96788024902344,16688600
2022-12-28,AAPL,127.39606774936588,128.73221899747332,123.66271014073897,123.82972717285156,85438400
2022-12-28,GOOGL,86.16013283342589,87.21013889144778,85.12993493079983,85.20917510986328,19523200
2022-12-28,MSFT,229.89995135219928,232.64644670853528,227.26021075559856,227.60958862304688,17457100
2022-12-29,AAPL,125.74551110442214,128.191843312052,125.49007597127036,127.33710479736328,75703700
2022-12-29,GOOGL,85.80351972764441,88.01249544149027,85.79361187188182,87.61626434326172,23333500
2022-12-29,MSFT,228.6964916617764,234.781482185672,228.6964916617764,233.89833068847656,19770700
2022-12-30,AAPL,126.15817798931155,127.67116561919678,125.19536018378078,127.6515121459961,77034200
2022-12-30,GOOGL,86.16012846707217,87.46768582385727,85.75398950597845,87.39834594726562,23986300
2022-12-30,MSFT,231.1809760513705,232.87933756720665,229.67671003277965,232.74346923828125,21938500
2023-01-03,AAPL,127.99536673400505,128.60448941700523,121.9925130634904,122.8767318725586,112117500
2023-01-03,GOOGL,88.7455240800291,90.19176882027702,87.68561016592967,88.27996063232422,28131200
2023-01-03,MSFT,235.90725134496904,238.49846380336683,230.39484781786445,232.51052856445312,25740000
2023-01-04,AAPL,124.66483917038782,126.40380440814197,122.88658197418444,124.14413452148438,89113600
2023-01-04,GOOGL,89.49836324025155,89.79553847603304,86.44739337515158,87.24976348876953,34854800
2023-01-04,MSFT,225.42592552331243,225.99851236343343,219.2924225607816,222.3397674560547,50623400
2023-01-05,AAPL,124.90062844390272,125.5294047177782,122.5721938813216,122.82762908935548,80962700
2023-01-05,GOOGL,86.64551498875126,86.74457088411417,85.0903140033644,85.38748168945312,27194400
2023-01-05,MSFT,220.4958596008794,220.83553784778456,215.21637883212745,215.75015258789065,39585600
2023-01-06,AAPL,123.800229800476,128.0051649557748,122.69986796369008,127.34691619873048,87754700
2023-01-06,GOOGL,85.97191250445123,86.86343055515435,84.06010451251869,86.5167236328125,41381500
2023-01-06,MSFT,216.4198034707522,219.09835714227597,212.87751216247156,218.2928466796875,43613600
2023-01-09,AAPL,128.18204084518473,131.07048653770673,127.6122100970975,127.86764526367188,70790800
2023-01-09,GOOGL,87.52710665864704,89.20117889631756,87.03181972986678,87.1903076171875,29003900
2023-01-09,MSFT,219.76800002138827,224.41666688908288,219.7291868413214,220.4182281494141,27369800
2023-01-10,AAPL,127.97572556898378,128.95818934117645,125.87325369613974,128.43748474121094,63896200
2023-01-10,GOOGL,85.16956736259262,87.83420664383988,85.02097973100345,87.58656311035156,30467800
2023-01-10,MSFT,221.0393352972296,224.48458614807703,220.62203068917864,222.09718322753903,27033900
2023-01-11,AAPL,128.94836939344688,131.1687321095965,128.17222961380045,131.1490936279297,69458900
2023-01-11,GOOGL,88.33938629940864,90.73657347544317,88.17099053953802,90.6573257446289,26862000
2023-01-11,MSFT,224.46514190067143,228.98763925739453,224.2904604069488,228.81295776367188,28669300
2023-01-12,AAPL,131.53223946571177,131.90556546211644,129.1350257391296,131.0704803466797,71379600
2023-01-12,GOOGL,90.61770300207336,91.00402621551116,88.90400684293,90.27099609375,30258100
2023-01-12,MSFT,228.3180220940589,232.821105949786,226.6681880812586,231.4721221923828,27269500
2023-01-13,AAPL,129.71466811603167,132.55398732492168,129.3511613806362,132.39678955078125,57809700
2023-01-13,GOOGL,89.99363774602796,91.32101070844416,89.28042332532422,91.25167083740234,26329200
2023-01-13,MSFT,230.0066742453539,232.30673624907556,227.9880484918301,232.17086791992188,21333300
2023-01-17,AAPL,132.4656016206527,134.88245427698436,131.77787992946924,133.55613708496094,63646600
2023-01-17,GOOGL,91.19224307477704,91.38045455947204,89.20119470950107,90.42950439453124,32602400
2023-01-17,MSFT,230.948051370512,233.80130107166903,230.0940134168222,233.25782775878903,29831300
2023-01-18,AAPL,134.42067999537736,136.17928328311848,132.66206171643108,132.8389129638672,69672800
2023-01-18,GOOGL,91.2714828696664,91.92526530225992,89.78562194920407,90.26110076904295,29116700
2023-01-18,MSFT,234.4418522484385,235.22794870990265,228.57037036509703,228.851806640625,30028700
2023-01-19,AAPL,131.7287538123279,133.86069855178562,131.42419241972087,132.89788818359375,58280400
2023-01-19,GOOGL,89.86487339203985,92.72763161249016,89.77571780323882,92.17291259765624,37000400
2023-01-19,MSFT,226.8817052615486,228.5703673178189,223.8731729886452,225.08628845214844,28623000
2023-01-20,AAPL,132.90769302903612,135.59964906296133,131.86628386729487,135.4522705078125,80223600
2023-01-20,GOOGL,94.20358739410928,97.37342877925906,94.12433965904754,97.09606170654295,63191100
2023-01-20,MSFT,227.92984354153225,233.63634353931783,227.5901652812684,233.13168334960935,35389800
2023-01-23,AAPL,135.6978804326285,140.806703627411,135.4817372209474,138.6354522705078,81760300
2023-01-23,GOOGL,97.02672040094632,99.0970239934804,96.58096512336888,98.84938049316406,40005100
2023-01-23,MSFT,233.9857182735425,237.9356145518044,232.5784924785256,235.4220428466797,31934000
2023-01-24,AAPL,137.84949253259393,140.64952034187644,137.83967329148908,140.0305633544922,66435100
2023-01-24,GOOGL,97.17531438995869,98.67108334612657,96.28379621881624,96.77908325195312,33078500
2023-01-24,MSFT,235.34439747923588,236.7516084406,233.3451855854794,234.89796447753903,40234400
2023-01-25,AAPL,138.41932337339787,139.93231102042415,136.37579688239575,139.372314453125,65799300
2023-01-25,GOOGL,94.66915574421624,95.25359832710816,92.87621924407682,94.32245635986328,42330000
2023-01-25,MSFT,227.56105444486036,236.1208045450045,224.0866898660757,233.5101776123047,66526600
2023-01-26,AAPL,140.6593159193217,141.72037843724186,139.4115829133593,141.4354705810547,54105100
2023-01-26,GOOGL,95.59040203045797,96.65031603046536,94.480956301743,96.6007843017578,30114000
2023-01-26,MSFT,236.46043582898827,240.98293336442927,234.85912950577276,240.6820831298828,33454500
2023-01-27,AAPL,140.64951214628343,144.64813175929368,140.57091324840124,143.3709259033203,70555800
2023-01-27,GOOGL,96.39273944020158,99.37436886072858,96.39273944020158,98.4333267211914,33879800
2023-01-27,MSFT,241.642897519024,242.458107545592,239.5466304719591,240.8373870849609,26498900
2023-01-30,AAPL,142.41797596075202,142.99762607371383,140.34497649686972,140.49234008789062,64015300
2023-01-30,GOOGL,96.56115597928776,97.36351849369828,95.49133425508724,96.0262451171875,27226200
2023-01-30,MSFT,237.2950461370833,238.35289390582483,235.0532114900021,235.5481719970703,25867400
2023-01-31,AAPL,140.19759064122545,141.80883078137197,139.78495761656453,141.75970458984375,65874500
2023-01-31,GOOGL,95.95690834730202,97.94795669253232,95.9073766231504,97.90833282470705,29870700
2023-01-31,MSFT,236.26633388704025,240.63354898590805,235.78108776494383,240.4976806640625,26541100
2023-02-01,AAPL,141.44532609516176,144.03903014040526,138.84180280794712,142.8797149658203,77663600
2023-02-01,GOOGL,97.77955657834522,100.23618337201236,96.66021070256012,99.48334503173828,35531100
2023-02-01,MSFT,240.68212262765823,247.6502511666021,238.2267779645673,245.29196166992188,31259900
2023-02-02,AAPL,146.2888426135127,148.52885870656533,145.57164829200897,148.17518615722656,118339000
2023-02-02,GOOGL,104.8027330914816,106.83340527382168,104.61452161152836,106.72444152832033,69883800
2023-02-02,MSFT,251.1827927216543,256.87957707013254,249.6591128934689,256.792236328125,39940400
2023-02-03,AAPL,145.43407851103754,154.62011872552648,145.23758879873273,151.79061889648438,154357300
2023-02-03,GOOGL,101.9597827400415,106.79378116863644,101.61308334943692,103.79234313964844,65309300
2023-02-03,MSFT,251.88158807324123,256.4040858932105,249.51358441442335,250.7266998291016,29077300
2023-02-06,AAPL,149.8944947732861,150.41519933800663,148.1358763450209,149.0692138671875,69858300
2023-02-06,GOOGL,101.43477436351552,103.37629840573868,100.91967167543784,101.93006134033205,31999600
2023-02-06,MSFT,249.84355651391297,250.67816573061052,247.26204327207444,249.1933135986328,22518000
2023-02-07,AAPL,147.99829981686307,152.50780364669458,147.99829981686307,151.93797302246094,83322600
2023-02-07,GOOGL,102.2470463384407,107.1602923201408,102.14799045298908,106.62538146972656,49010200
2023-02-07,MSFT,252.84235731907512,260.83920438047807,252.40562393796253,259.6649169921875,50841400
2023-02-08,AAPL,151.18152542311802,151.8692470443083,148.51904208604415,149.25588989257812,64120100
2023-02-08,GOOGL,101.08806495567671,102.16778683035665,97.11586167985637,98.4333267211914,94743500
2023-02-08,MSFT,265.13852274513965,268.5934731532185,258.35476105655573,258.85943603515625,54686000
2023-02-09,AAPL,151.0832773681269,151.6236354399285,147.782198500911,148.22430419921875,56007100
2023-02-09,GOOGL,99.05738716249404,99.08710316944618,92.7474288795508,94.11442565917967,119455000
2023-02-09,MSFT,265.7207756113508,265.89548673151216,255.04536048337425,255.84117126464844,42375100
2023-02-10,AAPL,147.06324691592152,148.913088785703,146.82709018156558,148.58837890625,57450700
2023-02-10,GOOGL,94.5502913222284,95.8380406275546,93.36160546921988,93.6785888671875,54980700
2023-02-10,MSFT,253.81285255852237,256.2973105018647,252.96852898785733,255.33653259277344,25818500
2023-02-13,AAPL,148.52935383999073,151.78627208132363,148.49983612289876,151.3828582763672,62199000
2023-02-13,GOOGL,93.84698021445055,94.30264335517856,92.95546208803488,93.71820831298828,50076100
2023-02-13,MSFT,259.74256046553177,266.4971782446964,259.26699912258107,263.31396484375,44630900
2023-02-14,AAPL,149.68058802933567,151.3041375201495,148.44079888424892,150.74327087402344,61707600
2023-02-14,GOOGL,93.5399083660003,93.95594765552764,91.3903644792954,93.7875518798828,54726100
2023-02-14,MSFT,264.6242233380636,266.8563444127292,261.3342392940896,264.13897705078125,37047900
2023-02-15,AAPL,150.6547103127393,153.0063833860837,150.42840282421838,152.839111328125,65573800
2023-02-15,GOOGL,93.5993343044652,96.2045487378876,93.26254277507604,96.0262451171875,50169000
2023-02-15,MSFT,261.0546954493352,263.39944334315715,258.9726260655568,262.0276184082031,28922400
2023-02-16,AAPL,151.04829713189807,153.82308261470098,150.890874314185,151.24510192871094,68167900
2023-02-16,GOOGL,94.47103857692892,96.7592619405205,93.84697216323715,94.6097183227539,42462600
2023-02-16,MSFT,256.87119590508456,259.5175484370859,254.80860328435423,255.0518341064453,29603600
2023-02-17,AAPL,149.90689371085574,150.54646418705764,148.43094798353164,150.1036834716797,59144100
2023-02-17,GOOGL,93.95594221146912,94.65924884324632,92.33140145912851,93.46065521240234,34284100
2023-02-17,MSFT,252.3665600092509,253.047588426155,249.0683361498372,251.0725555419922,30000100
2023-02-21,AAPL,147.79134145705774,148.87370750867322,146.03005307934987,146.0989227294922,58867200
2023-02-21,GOOGL,92.12338307581044,92.22243896547124,90.8554495502004,90.92478942871094,33629300
2023-02-21,MSFT,247.58947974202167,248.5721416274502,244.77773242454728,245.8284912109375,28397400
2023-02-22,AAPL,146.48269724609548,147.54538003263738,144.80012742797703,146.52206420898438,51011300
2023-02-22,GOOGL,90.83563409054464,91.24177306400796,89.75591204252156,90.7861099243164,30884000
2023-02-22,MSFT,247.2100335838988,247.4532643654593,243.56157186049097,244.69989013671875,22491100
2023-02-23,AAPL,147.68313363952294,147.92912460701393,144.87884561858365,147.0041961669922,48394200
2023-02-23,GOOGL,91.05356181773952,91.07337753026592,88.9139258711701,90.03327178955078,41206400
2023-02-23,MSFT,248.64024584758675,249.8855863320497,243.6977943049112,247.87164306640625,29219100
2023-02-24,AAPL,144.75092512234477,144.8296440334222,143.38321594733068,144.3573455810547,55469600
2023-02-24,GOOGL,88.59693902936208,89.04269429656404,87.7450448035044,88.28985595703125,36585100
2023-02-24,MSFT,243.1918617404836,244.20369522047608,241.3822242019968,242.47189331054688,24990900
2023-02-27,AAPL,145.3413038601465,146.7778826433076,145.08546365545735,145.5479278564453,44998500
2023-02-27,GOOGL,89.02288055419922,89.31014789674506,88.49787003042141,89.02288055419922,27502300
2023-02-27,MSFT,245.62417017099744,245.97442307770388,242.63728915469156,243.38644409179688,21190000
2023-02-28,AAPL,144.69188448050687,146.68932985809187,144.47541123636594,145.04611206054688,50547000
2023-02-28,GOOGL,88.48797531575339,90.37006738645364,88.47806745987378,89.21109008789062,30142000
2023-02-28,MSFT,242.3259744546454,244.6804466802184,241.99516930320848,242.6664886474609,22491000
2023-03-01,AAPL,144.47539591550134,144.8689754008769,142.68457472462396,142.97976684570312,55479000
2023-03-01,GOOGL,89.13185485166831,90.17195305226244,88.82477176222423,89.50827026367188,31111200
2023-03-01,MSFT,243.97020688018864,244.13560203633548,239.1347775749903,239.60179138183597,27565300
2023-03-02,AAPL,142.0647116163666,144.35734928778834,141.59239813777418,143.57017517089844,52238100
2023-03-02,GOOGL,88.81486541779114,91.41016437188448,88.74551798499179,91.13280487060548,32204400
2023-03-02,MSFT,239.87418786109544,244.5928558822364,238.95963779243277,244.3107147216797,24808200
2023-03-03,AAPL,145.6660352681244,148.686812189525,144.967429181757,148.60809326171875,70732300
2023-03-03,GOOGL,91.6082879107454,92.84650542514656,91.57856434211662,92.76725769042967,35160100
2023-03-03,MSFT,245.3615103876745,248.6986299221568,244.58316883886687,248.3775634765625,30760100
2023-03-06,AAPL,151.32379221822697,153.79355106354063,150.99909736370918,151.3631591796875,87558000
2023-03-06,GOOGL,93.13375400124995,95.06537762515192,93.1139458487006,94.23329162597656,32639300
2023-03-06,MSFT,249.48667584365677,253.0767646369181,249.04886339595808,249.91476440429688,24109800
2023-03-07,AAPL,151.23522972088062,151.55993956940895,148.7064506179963,149.16891479492188,56182000
2023-03-07,GOOGL,94.08471097544538,94.76820181739365,92.64837430690108,92.97526550292967,27835500
2023-03-07,MSFT,249.36015006899643,250.7125272747748,246.52895545521773,247.26837158203125,21473200
2023-03-08,AAPL,150.35951315538156,151.00893289820618,149.39523278864294,150.41854858398438,47204800
2023-03-08,GOOGL,93.2328308793674,95.05548347587344,93.11395927449436,93.36160278320312,34103300
2023-03-08,MSFT,247.16138722750551,247.64784879607657,244.0188496513126,246.83059692382807,17340200
2023-03-09,AAPL,151.097452526104,152.06173267895514,147.82085183856077,148.17507934570312,53833600
2023-03-09,GOOGL,93.1634795195889,94.62952467830928,91.03374409562431,91.44978332519533,28813500
2023-03-09,MSFT,248.8932070956166,252.5319301715648,244.76800759955387,245.48797607421875,26653400
2023-03-10,AAPL,147.80120650188752,148.5194958597798,145.242894659562,146.11862182617188,68572400
2023-03-10,GOOGL,91.30120355228826,91.91536215154204,89.54789090168737,89.77571868896484,35941000
2023-03-10,MSFT,244.2815161845472,245.9452062525048,240.8957481964977,241.8589324951172,28333900
2023-03-13,AAPL,145.43967499711258,150.68420342446277,145.33143838738883,148.05702209472656,84457100
2023-03-13,GOOGL,89.24080810196517,91.69743494917104,88.57712533524305,90.2511978149414,37335600
2023-03-13,MSFT,240.7011840514009,250.9266159729401,239.0764041542882,247.04464721679688,33339700
2023-03-14,AAPL,148.85404568502526,150.94004418166887,147.6929755826584,150.14303588867188,73695900
2023-03-14,GOOGL,91.68753826494398,93.47057470658376,91.56867420715518,93.0842514038086,36050200
2023-03-14,MSFT,249.79803486123276,254.00107026600773,248.9321337957532,253.7286529541016,33620300
2023-03-15,AAPL,148.76549840164833,150.79246155107444,147.51586009545082,150.53663635253906,77167900
2023-03-15,GOOGL,92.3413126902805,96.01634145078066,91.76677793656864,95.20407104492188,50622100
2023-03-15,MSFT,252.9405940179142,259.26459506275955,252.19142412250247,258.25274658203125,46028000
2023-03-16,AAPL,149.71995500240442,153.9510028988609,149.20828955550553,153.3507843017578,76161100
2023-03-16,GOOGL,95.29322179021432,100.2361918035118,94.59982296945132,99.3743896484375,65492000
2023-03-16,MSFT,258.0289586598438,269.07164313641664,256.1512239726221,268.7214050292969,54768800
2023-03-17,AAPL,153.5770871091514,154.2265068856699,151.80594908869074,152.514404296875,98944600
2023-03-17,GOOGL,99.31494349581332,101.87061846985974,99.15644804076712,100.66212463378906,61028500
2023-03-17,MSFT,270.7256489942692,275.65834759698896,268.8381754027799,271.86395263671875,69527400
2023-03-20,AAPL,152.5832627325511,155.28916298853815,151.6780028890537,154.87588500976562,73641400
2023-03-20,GOOGL,99.1762622431144,100.7908949900762,98.92861876648033,100.2658920288086,32960400
2023-03-20,MSFT,269.4803028518021,269.96676449553627,262.5433550615518,264.8589172363281,43466600
2023-03-21,AAPL,154.79720820376127,156.84383990664745,154.02970254755692,156.72576904296875,73938300
2023-03-21,GOOGL,100.29561786462172,104.10932626699038,100.26590185371047,103.93102264404295,42110300
2023-03-21,MSFT,267.43710366119547,267.5538496813645,262.2222204606799,266.36688232421875,34558700
2023-03-22,AAPL,156.74547004618515,159.53992423566484,155.27935826386764,155.29904174804688,75701800
2023-03-22,GOOGL,103.28714037398592,105.5852715896912,102.35600601870802,102.3956298828125,43427400
2023-03-22,MSFT,265.9971667055635,273.43031336043435,264.81019934883693,264.917236328125,34873300
2023-03-23,AAPL,156.28294504298728,158.9593273158035,155.15137786083926,156.38133239746094,67622100
2023-03-23,GOOGL,104.06970338391277,105.29802060137732,103.4753604876286,104.6046142578125,40797800
2023-03-23,MSFT,270.4142935461412,273.4498093699548,267.7484933121212,270.1418762207031,36610900
2023-03-24,AAPL,156.31248202721346,157.76874417421377,155.3186840441415,157.68019104003906,59196500
2023-03-24,GOOGL,104.00035080055734,104.49563774653625,102.86118931331004,104.44611358642578,30393300
2023-03-24,MSFT,269.7331721343457,273.0313954676099,267.826251303453,272.9730224609375,28172000
2023-03-27,AAPL,157.37515888196728,158.19185056660328,155.33834678641222,155.7417755126953,52390300
2023-03-27,GOOGL,103.6338527182764,103.772532471159,100.96920628828376,101.49420928955078,31120900
2023-03-27,MSFT,272.90495366822654,273.83895161321755,268.05978551317787,268.8965148925781,26840200
2023-03-28,AAPL,155.4367475403247,155.9484128704115,153.4786543640599,155.1218719482422,45992200
2023-03-28,GOOGL,101.47441082956156,101.48431112894204,98.7998562881409,100.07769775390624,32057900
2023-03-28,MSFT,268.32248351379377,268.6630125541161,264.68373074732534,267.77764892578125,21878600
2023-03-29,AAPL,156.8143056879684,158.46737267599335,156.7946372221569,158.19186401367188,51305700
2023-03-29,GOOGL,101.31591359200922,101.52393323759745,99.70128059578812,100.4343032836914,28779600
2023-03-29,MSFT,271.4066849044529,273.5276803376628,270.8715889473267,272.91473388671875,25087000
2023-03-30,AAPL,158.93967116064357,159.86459953343115,158.68384597812414,159.75636291503906,49501700
2023-03-30,GOOGL,99.9588339632855,100.20647748309447,98.83948041696144,99.93901824951172,33086200
2023-03-30,MSFT,276.53394388967973,276.7576972006701,273.8584053599599,276.3587951660156,25053400
2023-03-31,AAPL,159.8350878653574,162.35403288236776,159.31358823359025,162.25563049316406,68749800
2023-03-31,GOOGL,100.34515540089112,102.91073859125474,100.08760402894022,102.75225067138672,36863400
2023-03-31,MSFT,276.04750748202,281.4374805787577,275.33726286422353,280.4937438964844,32766000
2023-04-03,AAPL,161.63575413574327,163.62335040456196,161.58655293789977,163.50527954101562,56976200
2023-04-03,GOOGL,101.4248726111826,103.54470039492068,100.9692094719892,103.37630462646484,25035400
2023-04-03,MSFT,278.761931454292,280.4645469741528,276.26154151333856,279.4527282714844,24883300
2023-04-04,AAPL,163.92838412805693,164.16452584406122,162.4622725801105,162.97393798828125,46278300
2023-04-04,GOOGL,103.34658690208836,104.5848043981141,103.0593195361128,103.73291015625,24420100
2023-04-04,MSFT,279.4526556590393,282.5854685892093,277.9348983081496,279.40399169921875,25824300
2023-04-05,AAPL,162.0982064947886,162.40323287933546,159.20535043705326,161.1339111328125,51511700
2023-04-05,GOOGL,104.78290944385375,105.09989280017604,102.6828975422735,103.48526000976562,28290500
2023-04-05,MSFT,278.11011480832366,279.3749031470758,275.2594568336865,276.6409912109375,22064800
2023-04-06,AAPL,159.8252203026454,162.31466233453045,159.40212310856722,162.01947021484375,45390100
2023-04-06,GOOGL,104.26782317730506,108.14096365506636,103.34658903891498,107.39803314208984,48711500
2023-04-06,MSFT,275.5415669627722,284.17139086476425,274.39352473015583,283.70440673828125,29770300
2023-04-10,AAPL,158.8314221542027,159.431640625,157.5129143705151,159.431640625,47716900
2023-04-10,GOOGL,105.9716174482436,106.57586067871368,104.129149071457,105.43670654296876,27067400
2023-04-10,MSFT,281.37908101323706,281.7585352734682,277.00092706983764,281.5542297363281,23103000
2023-04-11,AAPL,159.74652133194326,159.7563555644006,157.93601661540757,158.22137451171875,47644200
2023-04-11,GOOGL,105.54566510200388,105.72396872832203,103.69328895955832,104.35697174072266,26311800
2023-04-11,MSFT,278.0128548411792,278.2366379066347,274.0141540154808,275.1719055175781,27276600
2023-04-12,AAPL,158.6346580327857,159.46118408911326,157.2177476424543,157.53262329101562,50133100
2023-04-12,GOOGL,105.57538740080156,105.7437831808305,103.35649601726048,103.65367126464844,24370300
2023-04-12,MSFT,277.07872139512705,279.2386114238217,274.32533295714546,275.8139038085937,27403400
2023-04-13,AAPL,159.03805912639,163.14118599216286,158.8314201412513,162.905029296875,68445600
2023-04-13,GOOGL,104.84235694101692,106.4768056835996,104.84235694101692,106.41737365722656,24843600
2023-04-13,MSFT,275.9113251014926,282.05046897208393,275.50271392776443,281.9920959472656,24222700
2023-04-14,AAPL,161.95063157173945,163.65290010625418,161.1929900999488,162.56069946289062,49386500
2023-04-14,GOOGL,105.8824559006008,107.9131356551454,105.83292417683924,107.8437957763672,26578000
2023-04-14,MSFT,279.2289726922403,280.6689097907965,276.00859911070734,278.39227294921875,20987900
2023-04-17,AAPL,162.44256794452966,162.73776006518966,161.39956879707992,162.580322265625,41516200
2023-04-17,GOOGL,103.6734883551226,105.15934949683192,103.53480102901426,104.97113800048828,37571200
2023-04-17,MSFT,282.07960200286976,283.7043967289592,278.4116924129814,280.9801940917969,23836200
2023-04-18,AAPL,163.43639900098648,164.7253892225956,162.99360326395418,163.8004608154297,49923000
2023-04-18,GOOGL,105.4862242963,105.53575601983307,103.08903700390688,103.51498413085938,26596400
2023-04-18,MSFT,283.6751943988744,283.86005216252715,279.2386674537209,280.56182861328125,20161800
2023-04-19,AAPL,163.14119328481948,165.46334834295578,162.8853530999642,164.9418487548828,47720200
2023-04-19,GOOGL,102.60365516744424,103.9904602577692,102.0984603190622,103.197998046875,20905700
2023-04-19,MSFT,278.24623650358313,281.223378478696,276.8355159823551,280.6396484375,17150300
2023-04-20,AAPL,163.4265370188754,165.17799130758831,162.9050374280842,163.97755432128906,52456400
2023-04-20,GOOGL,102.93054933979316,105.24848890310408,102.89092547236734,104.29753875732422,27820800
2023-04-20,MSFT,277.52633742538336,281.20398586251105,277.3609274204324,278.363037109375,23244400
2023-04-21,AAPL,162.40322071444277,163.78076396537094,161.85220341407148,162.3737030029297,58337300
2023-04-21,GOOGL,104.47585201078634,105.0008550769743,103.7923534602877,104.41641998291016,25800100
2023-04-21,MSFT,277.2927991907115,278.5186620047946,275.3955874268566,278.0224914550781,21676400
2023-04-24,AAPL,162.35403159020615,162.9444158925364,161.26183114076272,162.67874145507812,41949600
2023-04-24,GOOGL,104.49565910984984,105.62491297295048,103.7131046683186,104.97113800048828,23542800
2023-04-24,MSFT,274.45187596772155,277.234451496004,271.173129844423,274.1405334472656,26611000
2023-04-25,AAPL,162.54096443175132,163.64299896057264,161.10437083745688,161.14373779296875,48714100
2023-04-25,GOOGL,104.83244886590656,105.68434311564164,102.86120115263496,102.87110900878906,46664100
2023-04-25,MSFT,271.941745821894,273.9751515427264,267.91382992661585,267.9624938964844,45772200
2023-04-26,AAPL,160.44513945575562,162.6295403559192,160.1893142654478,161.1339111328125,45498800
2023-04-26,GOOGL,103.9310154292547,105.34753645837012,101.66260021158148,102.732421875,53347600
2023-04-26,MSFT,288.66631890750085,291.45860367890464,284.80381270160626,287.372314453125,64599200
2023-04-27,AAPL,162.54100085037314,165.85695442572842,162.54100085037314,165.70936584472656,64902300
2023-04-27,GOOGL,103.4654423247581,107.34849781246508,102.564023992642,106.57584381103516,50089200
2023-04-27,MSFT,287.9560567732343,296.936147852177,287.2555509397699,296.5761413574219,46462600
2023-04-28,AAPL,165.78806481489534,167.12625617335198,165.1878463008649,166.95896911621094,55275900
2023-04-28,GOOGL,106.03104125953,106.33811677937744,104.09941743610682,106.32820892333984,36139800
2023-04-28,MSFT,295.7783383038111,300.5651029592613,295.097280309873,298.9403381347656,36469600
2023-05-01,AAPL,166.5653655163748,167.71660118549804,165.93562938076653,166.87039184570312,52472900
2023-05-01,GOOGL,105.832914571776,106.9720760975855,105.81310641855708,106.18952178955078,26681700
2023-05-01,MSFT,298.6581714143348,300.244040638563,296.88744444671465,297.2863464355469,21294100
2023-05-02,AAPL,167.3623966257795,167.6182368189597,164.85328597063295,165.83724975585938,48425700
2023-05-02,GOOGL,106.1300918978264,106.18952391615264,102.73242296305273,104.3272476196289,30997200
2023-05-02,MSFT,299.42687857918656,300.8084130116415,295.6811180076152,297.1405029296875,26404400
2023-05-03,AAPL,166.78183794919684,168.17906452442512,164.47936662159927,164.76470947265625,65136000
2023-05-03,GOOGL,104.53528403866252,106.47680837658436,103.97065710139688,104.41641998291016,21795400
2023-05-03,MSFT,298.31766627691815,300.25377368049993,295.85617210321027,296.15777587890625,22360800
2023-05-04,AAPL,162.2457710884036,164.3612870012041,161.67507035057545,163.13133239746094,81235400
2023-05-04,GOOGL,104.4956406361488,104.60460437187564,102.9899716040275,103.70318603515624,23419500
2023-05-04,MSFT,297.9480161890788,299.42687857918656,295.1849176329067,297.1405029296875,22519900
2023-05-05,AAPL,168.23811312336284,171.50487988988195,168.02163990321543,170.78659057617188,113453200
2023-05-05,GOOGL,103.83196725980174,104.88197329032847,103.1286606207244,104.57489776611328,26639300
2023-05-05,MSFT,297.442082171176,303.5228521768905,296.03133165334634,302.23858642578125,28197100
2023-05-08,AAPL,169.71408033203093,171.06212101363838,169.35001851271124,170.7177276611328,55962800
2023-05-08,GOOGL,104.18857495479786,106.94236950082018,104.16876679983568,106.75415802001952,26511400
2023-05-08,MSFT,301.73263089775384,301.80074263730194,297.80201345372643,300.2926940917969,21318600
2023-05-09,AAPL,170.27492954930042,170.75706217667226,168.84818511789587,169.0154571533203,45326900
2023-05-09,GOOGL,107.3683173942558,109.1117297850802,106.17963159356827,106.33811950683594,36360100
2023-05-09,MSFT,299.66030098483304,301.6450723308815,298.0160586463366,298.6873779296875,21340800
2023-05-10,AAPL,170.24544525293916,171.23924342814053,169.14339542958015,170.7767791748047,53724500
2023-05-10,GOOGL,106.95227902689096,111.87543315591678,106.91265515886796,110.69664764404295,63153400
2023-05-10,MSFT,300.2635487654328,304.524957068624,299.33928955394174,303.8536376953125,30078000
2023-05-11,AAPL,171.06211698775132,171.79024060925457,169.40904995436452,170.96371459960938,49514700
2023-05-11,GOOGL,114.3122293882969,116.80847228700556,113.33156334496267,115.47119903564452,78900000
2023-05-11,MSFT,301.70342572575834,302.6957964886429,297.9674049998212,301.713134765625,31680200
2023-05-12,AAPL,171.0720544011138,171.50559963616618,168.49050872766975,170.0374755859375,45533100
2023-05-12,GOOGL,115.5801655805234,116.91743886441324,115.01553874699306,116.40234375,41102300
2023-05-12,MSFT,302.1412397708911,302.2385380136494,298.2982115576061,300.6040344238281,19774700
2023-05-15,AAPL,170.6188460048669,170.66811525184778,168.95364468701064,169.5448455810547,37266700
2023-05-15,GOOGL,115.0155501911109,117.36321334174112,114.91649430049983,115.41178131103516,36266800
2023-05-15,MSFT,300.7305419583336,301.50886857686805,299.26141854774806,301.0807800292969,16336500
2023-05-16,AAPL,169.46601779285794,170.5991352991019,169.27880367524853,169.5448455810547,42110300
2023-05-16,GOOGL,115.39196891314602,119.61181648021966,115.33253688856816,118.38350677490234,45035600
2023-05-16,MSFT,301.44072470865035,305.2156707578937,301.44072470865035,303.29901123046875,26730300
2023-05-17,AAPL,169.19013234108013,170.39221479568312,167.91905489711874,170.15574645996094,57951600
2023-05-17,GOOGL,118.48254891525944,120.52312880202416,117.76933447319192,119.7009506225586,33323600
2023-05-17,MSFT,304.49841357542465,306.5850053814175,302.9870680194989,306.1657409667969,24315000
2023-05-18,AAPL,170.46119076780954,172.6683237371227,170.04735615510018,172.48110961914062,65496700
2023-05-18,GOOGL,119.80992666831531,122.14768199859776,119.69106262074578,121.67221069335938,35234200
2023-05-18,MSFT,306.6824967615632,311.07998209113083,305.89270858681226,310.57293701171875,27276000
2023-05-19,AAPL,173.80145343851697,173.80145343851697,172.37273538217633,172.58950805664062,55809500
2023-05-19,GOOGL,122.38541381982782,124.78260095081902,120.99860878655475,121.60285949707033,41353400
2023-05-19,MSFT,308.8373140190984,310.7971739556616,308.47655029580653,310.3973999023437,27546700
2023-05-22,AAPL,171.4267972966015,172.1460951955022,170.9045763773169,171.64356994628906,43570900
2023-05-22,GOOGL,121.78118019432496,125.23828162823854,121.58306084321728,123.8712921142578,35253000
2023-05-22,MSFT,310.650948929026,314.5413890695808,310.0756729757329,313.16656494140625,24115700
2023-05-23,AAPL,170.58927970470205,170.83561089353927,168.76642289336164,169.0423126220703,50747300
2023-05-23,GOOGL,122.98967145510028,123.45523488676992,121.05804762080852,121.40474700927734,34046300
2023-05-23,MSFT,312.04529609718725,314.66818336254534,307.3845576035484,307.3943176269531,30797200
2023-05-24,AAPL,168.57922839342694,169.8897122746601,168.0176010356781,169.31822204589844,45143500
2023-05-24,GOOGL,119.97831871203586,120.76087303400242,118.73019342760368,119.76039123535156,34182600
2023-05-24,MSFT,306.8775190368532,308.603346947372,304.81038789466385,306.0194702148437,23384900
2023-05-25,AAPL,169.87986475065702,171.34798918728478,169.17042964019168,170.45135498046875,56058300
2023-05-25,GOOGL,123.3462607794036,124.13872293573738,120.81039397110231,122.31607055664062,42317000
2023-05-25,MSFT,315.1751430242443,318.7438294879401,312.0159906409768,317.7882995605469,43301700
2023-05-26,AAPL,170.77650880236848,173.19055165787438,170.56958397024448,172.85552978515625,54835000
2023-05-26,GOOGL,122.0089958487117,124.07929940606437,121.2957813707238,123.4354248046875,35635900
2023-05-26,MSFT,315.935693050292,325.0816668912498,315.7992015223041,324.5844116210937,36630600
2023-05-30,AAPL,174.36309800636275,176.36330631715728,173.9788219031772,174.69810485839844,55964400
2023-05-30,GOOGL,124.45571200504448,124.47552771647686,120.85002338726862,122.50428009033205,35076700
2023-05-30,MSFT,326.86594717141287,327.36320232306275,322.2734413013067,322.9462280273437,29503100
2023-05-31,AAPL,174.72761622573182,176.71797616284587,174.1659739770229,174.64878845214844,99625300
2023-05-31,GOOGL,121.59295853842984,122.8906080604464,121.34531503835156,121.71183013916016,37325800
2023-05-31,MSFT,323.99934398362257,327.55827021551164,319.1630749897936,320.1966552734375,45950600
2023-06-01,AAPL,175.0922027756249,177.47668683522244,174.33349851829678,177.44712829589844,68901800
2023-06-01,GOOGL,121.66229962836286,123.24721653315947,121.46418784931824,122.55381774902344,30772700
2023-06-01,MSFT,317.7980580790412,325.2084444667975,316.6182558412687,324.2821350097656,26773900
2023-06-02,AAPL,178.37333767160567,179.11233123154489,176.62930866038764,178.2945098876953,61996900
2023-06-02,GOOGL,122.8212519955603,124.96089518183372,122.59342423770346,123.49484252929688,26980100
2023-06-02,MSFT,325.9104672337744,329.0793797798021,324.25287030723234,327.0317687988281,25873800
2023-06-05,AAPL,179.9498694414483,182.23581511366768,175.42721727327233,176.9446258544922,121946500
2023-06-05,GOOGL,122.84109456412024,126.22885612563536,122.67269122575588,124.8222427368164,32305500
2023-06-05,MSFT,326.8562514071327,330.1129147289543,326.31022580563945,327.55828857421875,21307100
2023-06-06,AAPL,177.328904296753,177.4766970018392,174.82617090162998,176.58006286621094,64848400
2023-06-06,GOOGL,124.82223601376286,127.08073604231396,124.17836138082023,126.10997772216795,26638300
2023-06-06,MSFT,326.9634711655118,327.0024814933911,323.8823396547661,325.3546447753906,20396200
2023-06-07,AAPL,175.8213457350109,178.55069942371497,174.71778685793004,175.21044921875,61944600
2023-06-07,GOOGL,125.77318888731983,127.8236693200009,120.9689062353214,121.34532165527344,52539000
2023-06-07,MSFT,323.37532887108034,326.1444673202271,314.45362725824225,315.3116760253906,40717100
2023-06-08,AAPL,175.2892595209165,178.1861165677113,174.85572927872582,177.9200897216797,50214900
2023-06-08,GOOGL,121.07786408652908,122.06843809259335,120.0971903791399,120.98870849609376,29389200
2023-06-08,MSFT,315.8576718437754,318.49031851672504,315.2823959646681,317.1447448730469,23277700
2023-06-09,AAPL,178.83643579626113,179.55571862854532,177.97920810525306,178.3043670654297,48900000
2023-06-09,GOOGL,121.09767375566376,122.59344263961952,120.76088221698072,121.07786560058594,23778300
2023-06-09,MSFT,316.8814888323344,321.75673881470783,316.3159729270914,318.6365966796875,22529000
2023-06-12,AAPL,178.60984190485868,181.19138823156916,178.31424143935143,181.0928497314453,54274900
2023-06-12,GOOGL,121.63257724558046,122.88070254912272,120.51323139340306,122.4745635986328,28306400
2023-06-12,MSFT,320.3819105271756,323.81410551348466,317.0472562466259,323.5703430175781,24260300
2023-06-13,AAPL,180.1173628493618,181.4475422080245,179.76264534674598,180.619873046875,54929100
2023-06-13,GOOGL,123.80192697762102,123.98023057850732,122.01889096875816,122.66276550292967,22278300
2023-06-13,MSFT,326.12499527780267,328.5723804542734,322.1468041193806,325.9494934082031,22951300
2023-06-14,AAPL,180.6790133216272,181.684048880549,179.3488337921871,181.25050354003903,57462900
2023-06-14,GOOGL,121.9396532341825,122.88070303275144,120.30520468507189,122.50428009033205,30592300
2023-06-14,MSFT,325.9982202996805,330.58096729872784,324.50639495848685,328.9233703613281,26003800
2023-06-15,AAPL,181.26038457492544,183.7828140435399,181.0830182656412,183.28028869628903,65433200
2023-06-15,GOOGL,121.97928005124778,124.27741139684176,121.2462574175831,123.91089630126952,35246300
2023-06-15,MSFT,329.0598905688736,341.1114945004108,328.78687775426107,339.4149169921875,38899100
2023-06-16,AAPL,183.989688464097,184.245882524342,181.56579797087076,182.2062530517578,101256200
2023-06-16,GOOGL,124.742979611465,124.92128322731656,122.11795709489256,122.3656005859375,45535600
2023-06-16,MSFT,342.5545998111812,342.70085137133475,333.41838536086453,333.78887939453125,46552000
2023-06-20,AAPL,181.7037512704965,183.3689525999345,181.7037512704965,182.29493713378903,49799100
2023-06-20,GOOGL,121.77127096960724,123.39581184304008,120.98871654585304,121.93966674804688,26097500
2023-06-20,MSFT,330.8441729587754,333.54505041870027,327.48023896465304,329.6156005859375,26375400
2023-06-21,AAPL,182.1865534203878,182.68907870149724,179.91045548906328,181.26036071777344,49515700
2023-06-21,GOOGL,121.24625664021468,121.50380799105952,118.96793346366026,119.4136962890625,30306300
2023-06-21,MSFT,327.9775589781728,329.30364243212927,323.78485594149885,325.2376708984375,25117800
2023-06-22,AAPL,181.0435838743865,184.3050065515812,180.97460392176268,184.2557373046875,51245300
2023-06-22,GOOGL,118.86887211406464,122.07832954505017,117.70990242474754,121.98918151855467,26952200
2023-06-22,MSFT,325.7836965611128,331.63399647710884,325.0231587622799,331.2342224121094,23556800
2023-06-23,AAPL,182.82700770116728,184.807505007212,182.29492392440983,183.9404144287109,53117000
2023-06-23,GOOGL,120.2358708393946,121.63258382371362,119.91888745789724,121.18682098388672,34913600
2023-06-23,MSFT,326.0176878258627,329.5278736059976,325.13041855453594,326.6612243652344,23146900
2023-06-26,AAPL,184.08825189117624,185.29034946556595,182.51172604562308,182.5511474609375,48088700
2023-06-26,GOOGL,119.62172031459276,120.85002997860882,117.1551855728241,117.22452545166016,33969900
2023-06-26,MSFT,325.39371033432894,327.72406452687306,320.29418775939905,320.4014587402344,21520600
2023-06-27,AAPL,183.16204815111053,185.6253604426876,182.9452754666625,185.3002014160156,50730800
2023-06-27,GOOGL,115.97641255413603,117.9575606706434,115.0056466517561,117.21463012695312,39535900
2023-06-27,MSFT,323.58012686208883,327.76310031619386,321.0840008711868,326.2225341796875,24354100
2023-06-28,AAPL,185.17209649255776,187.11318769857849,184.8469525145753,186.4727325439453,51216800
2023-06-28,GOOGL,115.98630267450676,119.25519980286133,115.74856703748377,119.04718017578124,27091400
2023-06-28,MSFT,326.3102994681185,329.54747323357384,325.48150085713195,327.4706115722656,20259500
2023-06-29,AAPL,186.3052137668684,187.2806907250245,186.1672688971672,186.80772399902344,46347300
2023-06-29,GOOGL,118.11604334382326,118.9283137332142,117.18490890950874,117.97736358642578,24090900
2023-06-29,MSFT,326.35897729326905,327.72404134255896,324.3211263632283,326.69049072265625,16997000
2023-06-30,AAPL,188.8177872891229,191.62595381515632,188.45320690668945,191.1234436035156,85213200
2023-06-30,GOOGL,119.0372873430692,119.93871339832693,118.5618160090164,118.57171630859376,29532200
2023-06-30,MSFT,329.323150643684,334.17891054970244,328.7868850247468,332.0435485839844,26832800
2023-07-03,AAPL,190.93627177904648,191.0348102901452,188.94591112680644,189.6356506347656,31458200
2023-07-03,GOOGL,118.11603871561022,119.05708852676791,117.6999994597197,118.7698211669922,14467900
2023-07-03,MSFT,330.727231395335,332.394558661991,328.1726050055835,329.5571594238281,12508700
2023-07-05,AAPL,188.7587001877792,190.14799688410469,187.822629495574,188.522216796875,46920300
2023-07-05,GOOGL,118.1160435778064,121.45428073315573,118.1061432790298,120.60238647460938,27584800
2023-07-05,MSFT,326.7295145394102,333.12584042536054,326.3785108077479,329.7131652832031,18172400
2023-07-06,AAPL,187.05407174607456,189.2020878041572,186.42346442381324,188.9951629638672,45094300
2023-07-06,GOOGL,118.67076110569715,119.16604807599226,117.283956077375,118.97783660888672,24745200
2023-07-06,MSFT,328.8843301211992,334.43236661409844,327.1292521462773,332.7552795410156,28161200
2023-07-07,AAPL,188.60107302001649,189.8425771809384,187.4482445059746,187.88177490234372,46815000
2023-07-07,GOOGL,118.96793368564964,119.90898350271272,118.2745349214808,118.3537826538086,21709500
2023-07-07,MSFT,330.8539769415479,333.26235165945616,328.5918537740865,328.8063659667969,21214800
2023-07-10,AAPL,186.4825418141745,187.2018396490787,184.2951198418446,185.8420867919922,59922200
2023-07-10,GOOGL,117.18489316560394,117.1947934630308,115.04524995468316,115.35232543945312,35315200
2023-07-10,MSFT,326.25171917262,326.86600540201454,319.4166095021663,323.5508117675781,32791400
2023-07-11,AAPL,186.3840531601648,186.52199803845545,183.86162393721372,185.3199005126953,46638100
2023-07-11,GOOGL,115.19385646970584,116.60046979822025,114.26271445006496,116.0358428955078,23078800
2023-07-11,MSFT,322.8000113017948,324.5550891855568,318.8413111644658,324.1748352050781,26698200
2023-07-12,AAPL,186.8964167558296,188.88677723101011,185.7041820658704,186.985107421875,60750200
2023-07-12,GOOGL,117.68018806836496,119.19576499990411,117.2938648331679,117.8089599609375,30404400
2023-07-12,MSFT,328.2017988317313,333.12578887236407,327.29500957576835,328.7868347167969,29995300
2023-07-13,AAPL,187.7043680387378,188.38424453327508,186.99493300399135,187.7437744140625,41342300
2023-07-13,GOOGL,119.7901086563636,123.65334859158274,119.31462983276822,123.36608123779295,44297900
2023-07-13,MSFT,331.08793512161674,335.1636364816071,330.5613998542952,334.110595703125,20567200
2023-07-14,AAPL,187.43834550769157,188.3744011257073,186.8471596075647,187.8916015625,41616200
2023-07-14,GOOGL,123.62362672387462,125.58495882924838,122.32596976549266,124.23777770996094,33283100
2023-07-14,MSFT,338.91759393807007,342.66178201390807,335.7194314301984,336.626220703125,28352700
2023-07-17,AAPL,189.0838630419081,191.46836279221105,188.9951873995464,191.1432037353516,50520200
2023-07-17,GOOGL,124.75289325990693,125.90195518182102,123.02928904081584,123.4750518798828,25716200
2023-07-17,MSFT,337.0552335588165,338.33254651423374,333.66207903866245,337.10400390625,20363900
2023-07-18,AAPL,190.5125192451726,191.47813315264264,189.5961595402852,190.88693237304688,48288200
2023-07-18,GOOGL,123.4255157057774,123.50476343752902,121.8009749922672,122.59343719482422,26193600
2023-07-18,MSFT,337.2015639773949,357.6288755346599,333.63290678637566,350.520751953125,64738600
2023-07-19,AAPL,190.2661976064536,195.32090288181368,189.82278948215543,192.23684692382807,80507300
2023-07-19,GOOGL,123.42552039211267,124.000055132907,120.6519176928117,120.87974548339844,37224000
2023-07-19,MSFT,352.7243300988264,353.4166072525743,343.64661716979606,346.2207336425781,39732900
2023-07-20,AAPL,192.2270044839344,193.58675746858663,189.6750169550875,190.2957763671875,59581200
2023-07-20,GOOGL,120.27549924350316,122.92033014114742,117.10566530896472,118.07642364501952,37906800
2023-07-20,MSFT,344.74839172455427,349.0386052267981,336.75297084061185,338.2155456542969,33778400
2023-07-21,AAPL,191.25156585425083,192.10879369152832,188.4236732155936,189.12326049804688,71951700
2023-07-21,GOOGL,119.48303757466915,119.84954511473477,117.61085333534434,118.88868713378906,72937900
2023-07-21,MSFT,340.4386749626526,341.5599764238532,331.35120253084744,335.1929016113281,69405400
2023-07-24,AAPL,190.57168949200457,192.04967681854123,189.42870901778204,189.9213714599609,45377800
2023-07-24,GOOGL,120.51323990968405,121.84060548000588,119.8396492681458,120.38446044921876,29686100
2023-07-24,MSFT,337.2210078308696,338.26431834667585,333.7693229149204,336.4994506835937,26678100
2023-07-25,AAPL,190.49282690419068,191.5865379274597,190.0888401670233,190.778564453125,37283200
2023-07-25,GOOGL,120.2160656436734,121.98919407545516,119.87926654145934,121.05805206298828,52509600
2023-07-25,MSFT,338.4496147386664,343.1103826284992,336.4605340248674,342.2230834960937,41637700
2023-07-26,AAPL,190.82783906853456,192.7689299936308,190.4829844332044,191.64566040039065,47471900
2023-07-26,GOOGL,128.84397594722074,129.7453868594028,127.11047133269726,128.051513671875,61682100
2023-07-26,MSFT,332.9211290652646,336.07055179479994,324.79894456768324,329.3426818847656,58383700
2023-07-27,AAPL,193.1433883962488,194.30606454519105,189.7243098384596,190.3844757080078,47460200
2023-07-27,GOOGL,130.42885898076116,131.98406720387166,127.5760014129933,128.1802520751953,44952100
2023-07-27,MSFT,331.9850338749244,332.8138025679025,320.8401897883476,322.4685363769531,39635300
2023-07-28,AAPL,191.8131355930958,193.7443783994173,191.2909147646494,192.95611572265625,48291400
2023-07-28,GOOGL,129.54727072583006,132.47937651181306,129.3392586434395,131.33030700683594,36591200
2023-07-28,MSFT,325.3449560601863,331.52676966933615,324.8574310459994,329.9276733398437,28484900
2023-07-31,AAPL,193.1827862905988,193.60648379116893,192.39452340931743,193.5670623779297,38824100
2023-07-31,GOOGL,131.47887918017878,132.27134138142645,130.53783692899188,131.46897888183594,28055500
2023-07-31,MSFT,328.5138683869609,329.2744062182313,325.0426629130829,327.538818359375,25446000
2023-08-01,AAPL,193.36016991822595,193.8429695122176,192.41425136889904,192.73941040039065,35175100
2023-08-01,GOOGL,129.54726660464158,131.3798345519529,129.44820315858595,130.3100128173828,23166800
2023-08-01,MSFT,326.827001708787,330.0934250583603,325.37418677597503,327.94830322265625,18311900
2023-08-02,AAPL,192.1777357193533,192.3156805851802,189.03456234552243,189.75384521484372,50389300
2023-08-02,GOOGL,128.2297899546614,128.86375665408545,126.35760586456864,127.16988372802734,26273300
2023-08-02,MSFT,325.3059494426346,325.3059494426346,318.2173166114524,319.3288879394531,27761300
2023-08-03,AAPL,188.75870197685728,189.5469498842792,187.89161123685508,188.36456298828125,61235200
2023-08-03,GOOGL,126.76374840615888,128.17036158821978,126.21892971575812,127.23921966552734,20089500
2023-08-03,MSFT,317.86632056535905,321.6495195711113,317.81757996467144,318.5098571777344,18253700
2023-08-04,AAPL,182.79747042079737,184.6301752435833,179.25029494609427,179.31927490234375,115956800
2023-08-04,GOOGL,128.06141276397574,130.27038867689953,126.70433114390016,126.9024429321289,26147200
2023-08-04,MSFT,323.5996092744747,326.7782818997198,319.0753628445266,319.6018981933594,23741500
2023-08-07,AAPL,179.4572213905704,180.44254624962392,174.74736976708382,176.22535705566406,97576100
2023-08-07,GOOGL,127.94255118761124,130.36945464899543,127.80387142167388,130.2902069091797,22746300
2023-08-07,MSFT,320.1771409046875,322.8487681921804,319.3483425125627,321.87371826171875,17741500
2023-08-08,AAPL,177.05302113799038,177.62451134366992,174.97398514494694,177.16140747070312,67823000
2023-08-08,GOOGL,129.3887610197551,130.27037120686035,128.31893936883662,130.16140747070312,23535200
2023-08-08,MSFT,318.802307526203,320.54765518196075,314.94111824721926,317.9150085449219,22327600
2023-08-09,AAPL,178.21570618554995,178.2748232727554,174.41235154839882,175.57504272460938,60378500
2023-08-09,GOOGL,130.4189683106613,130.79537612894666,127.78403800787017,128.4378204345703,24912900
2023-08-09,MSFT,318.324602002666,318.9486185830014,313.0398174565163,314.1903991699219,22373300
2023-08-10,AAPL,176.84608080013524,178.0974474344709,174.99368050557445,175.35824584960938,54686900
2023-08-10,GOOGL,130.08220046399103,130.80531533812552,128.22981658468655,128.46755981445312,20857800
2023-08-10,MSFT,317.88582607311884,320.06995855318496,313.16658711260004,314.8729248046875,20113700
2023-08-11,AAPL,174.953720563952,176.23636037713308,174.19399178686675,175.4174346923828,52036700
2023-08-11,GOOGL,127.44724985423152,128.70526790592254,126.96186317041614,128.33876037597656,19591100
2023-08-11,MSFT,312.2695668882884,314.3659187348988,311.2457463891283,313.0008544921875,24355500
2023-08-14,AAPL,175.59506357405235,177.29211207450308,174.9438673937282,177.065185546875,43675600
2023-08-14,GOOGL,128.17035575719427,130.13168783844867,127.74441623723256,130.09207153320312,24695600
2023-08-14,MSFT,313.3713539974467,315.97472100192863,312.0940110393784,315.9552307128906,18836100
2023-08-15,AAPL,176.49294118914725,177.0849254578291,174.68735981208974,175.08201599121094,43622600
2023-08-15,GOOGL,129.86428210238398,130.1812579827869,128.06142982490869,128.5567169189453,19770700
2023-08-15,MSFT,314.9410999147791,316.9789505199591,312.8934892891786,313.8295288085937,16966300
2023-08-16,AAPL,174.76630032742042,176.15747319458026,174.1447025205994,174.21377563476562,46964900
2023-08-16,GOOGL,127.48686981201172,129.05197853395998,126.66469914191973,127.48686981201172,25216100
2023-08-16,MSFT,313.45831419457073,316.9954936708588,312.48119971164607,313.0674743652344,20698900
2023-08-17,AAPL,174.77612136953763,175.14117901733323,171.16495931429398,171.6780242919922,66062900
2023-08-17,GOOGL,128.57650949077134,130.74586899055504,128.07130707221577,128.69537353515625,33446300
2023-08-17,MSFT,313.2042018447522,314.50375064279973,308.9732805542869,309.6279602050781,21257200
2023-08-18,AAPL,170.00070631097662,172.76334408254257,169.6652471318657,172.16148376464844,61172200
2023-08-18,GOOGL,127.2986660305744,128.03169627072486,125.18874601968784,126.2585678100586,30504800
2023-08-18,MSFT,307.2927349685256,311.0937247535903,304.4200159024574,309.2372131347656,24755000
2023-08-21,AAPL,172.7337554755455,173.77960771425435,171.4215020828672,173.49346923828125,46311900
2023-08-21,GOOGL,125.98119528293358,127.5165803711852,125.36703671314524,127.15997314453124,25248700
2023-08-21,MSFT,310.65396660689254,315.3831966115051,309.78435031765304,314.5135803222656,24040000
2023-08-22,AAPL,174.6971995908385,175.30892111024494,173.89801113995804,174.86492919921875,42038900
2023-08-22,GOOGL,127.29866965705796,129.05199001191642,127.11047327831037,127.8633041381836,22054900
2023-08-22,MSFT,318.0507277854862,318.61744100027846,314.1031773769701,315.0802917480469,16084600
2023-08-23,AAPL,176.1377232252428,179.12728783194132,175.9502562936072,178.70301818847656,52722800
2023-08-23,GOOGL,128.95292431830592,132.15248942586146,128.64584877704544,131.12228393554688,27819700
2023-08-23,MSFT,316.40920172771865,321.66608212966844,316.0574250271208,319.51641845703125,21166400
2023-08-24,AAPL,178.25900483655056,178.6832744289853,173.66118769058747,174.02626037597656,54945800
2023-08-24,GOOGL,132.68740946941512,132.9845847488296,128.34870480382898,128.5567169189453,28500700
2023-08-24,MSFT,325.2325153533981,325.35954498918005,312.63749714645934,312.64727783203125,23281400
2023-08-25,AAPL,175.0129196769248,176.75928869570708,173.47373983758078,176.22650146484375,51449600
2023-08-25,GOOGL,128.31895505629643,129.52745659961704,126.05054714528605,128.65576171875,26762900
2023-08-25,MSFT,314.1130179352928,317.9139780573097,311.5041089468064,315.5884704589844,21684100
2023-08-28,AAPL,177.68674410027091,178.1800717356574,176.16730160755293,177.78541564941406,43820700
2023-08-28,GOOGL,130.07227594567678,131.29067779366306,128.9133061222322,129.7751007080078,20543300
2023-08-28,MSFT,318.2070362516221,318.685812701046,314.3572036482765,316.2919006347656,14808500
2023-08-29,AAPL,177.30196426395187,182.4325690983829,177.1046362040057,181.66297912597656,53003900
2023-08-29,GOOGL,130.99349006920716,135.28267661106065,130.99349006920716,133.30152893066406,43075600
2023-08-29,MSFT,314.5136087751781,321.45112744073015,314.5136087751781,320.8941650390625,19284600
2023-08-30,AAPL,182.4720614420058,185.34323241647965,182.27473336292013,185.14588928222656,60813900
2023-08-30,GOOGL,133.50955996250931,134.9954209341487,132.8062609003106,134.5991973876953,28315800
2023-08-30,MSFT,321.1481929412585,322.26208781651366,318.97899784822044,321.26544189453125,15222100
2023-08-31,AAPL,185.33336235534645,186.5962801694583,184.97816577917948,185.3629608154297,60794500
2023-08-31,GOOGL,134.7279791243435,136.69922704264897,134.51005161116558,134.886474609375,30053800
2023-08-31,MSFT,321.6660497077852,323.33690686450706,319.30141990622377,320.2590026855469,26411000
2023-09-01,AAPL,186.9613001118768,187.3855546233135,185.76744069021527,186.93170166015625,45766500
2023-09-01,GOOGL,136.16429210938105,136.16429210938105,133.57889367961565,134.38125610351562,21543700
2023-09-01,MSFT,323.7277442108601,324.3921747944003,319.30141751711045,321.1383972167969,14942000
2023-09-05,AAPL,185.76746926717504,187.44478036173828,185.10641198511868,187.16851806640625,45280000
2023-09-05,GOOGL,134.16335836737144,135.1341167520606,133.31146403775733,134.49024963378906,19403100
2023-09-05,MSFT,321.47064520868975,327.1867705478141,321.13842988312655,325.91650390625,18553900
2023-09-06,AAPL,185.88585963952747,186.329866585718,179.04834537431464,180.46913146972656,81755800
2023-09-06,GOOGL,134.73788957021387,135.24307690579013,132.4100344539137,133.19259643554688,18684500
2023-09-06,MSFT,325.7504285755841,326.8056990885685,322.6236503266788,325.2618713378906,17535800
2023-09-07,AAPL,172.84229174782251,175.8318715643951,171.22417743783686,175.19053649902344,112488800
2023-09-07,GOOGL,132.3307894650939,134.3020373516812,131.69682265013012,133.98504638671875,18844300
2023-09-07,MSFT,323.70825547986243,325.4572688809115,321.4999672739755,322.3598327636719,18381000
2023-09-08,AAPL,175.96999075471308,177.8347687964352,175.417451102765,175.80224609375,65551300
2023-09-08,GOOGL,133.63833748155875,135.3718419233677,133.57890546194733,135.094482421875,23558300
2023-09-08,MSFT,322.5356945258159,328.4667861972207,321.92010767166425,326.6200256347656,19530100
2023-09-11,AAPL,177.6670388917848,177.89396541040293,174.97345890425444,176.9665069580078,58953100
2023-09-11,GOOGL,135.2529411297455,136.18408292790647,134.51001077354772,135.62936401367188,20763400
2023-09-11,MSFT,329.5220626550476,330.67508035139593,327.7534879124914,330.2060546875,16583300
2023-09-12,AAPL,177.09479044187466,177.72624932161176,172.4871113411862,173.94735717773438,90370200
2023-09-12,GOOGL,134.9756269325021,135.57987776275797,133.91572046203083,134.06430053710938,18405500
2023-09-12,MSFT,328.1345774558951,329.08237965274225,323.8939043767627,324.17724609375,17565500
2023-09-13,AAPL,174.15451849429098,174.93398459835862,171.6582818339781,171.88522338867188,84267900
2023-09-13,GOOGL,133.81663138154605,135.60956781404116,132.88548944943147,135.42137145996094,20749500
2023-09-13,MSFT,323.7277859536388,329.141008354495,323.5910054366436,328.3690795898437,16544400
2023-09-14,AAPL,171.67802028548886,173.75000241444866,171.2636268707299,173.39480590820312,60895800
2023-09-14,GOOGL,136.30297659287558,137.3925988291446,134.95579546543004,136.7982635498047,24751000
2023-09-14,MSFT,331.38838359380287,333.059241074138,328.86744125187914,330.9486999511719,20267000
2023-09-15,AAPL,174.12492983939754,174.14466716160445,171.50043808217407,172.67454528808594,109259500
2023-09-15,GOOGL,136.67939311891212,137.21431153088753,135.19353215336167,136.1048583984375,38919600
2023-09-15,MSFT,329.20939816194,329.6783939916595,322.1057573596053,322.6627197265625,37679800
2023-09-18,AAPL,174.12494029407293,176.98624997924455,173.8190795297471,175.59506225585938,67257600
2023-09-18,GOOGL,135.32230226270676,137.84826875270798,135.32230226270676,136.9072265625,21861300
2023-09-18,MSFT,320.2981230556272,322.8386267343985,318.8910757818205,321.529296875,16834200
2023-09-19,AAPL,175.15104027243933,177.2328834055171,174.76624533576447,176.68035888671875,51826900
2023-09-19,GOOGL,136.1246795130563,137.10535323062862,135.3322172769841,136.73883056640625,20353700
2023-09-19,MSFT,318.7054070395551,321.8517165023023,317.0833936077872,321.1286315917969,16505900
2023-09-20,AAPL,176.86782730089922,177.30195805066697,173.0593371622532,173.1481475830078,58436200
2023-09-20,GOOGL,136.77847333591484,136.77847333591484,132.36050620598186,132.47938537597656,29927500
2023-09-20,MSFT,321.96898600781554,322.04714204193704,313.1749561204339,313.4289855957031,21436500
2023-09-21,AAPL,172.22069958579337,173.94734650075085,171.53990496478352,171.6089630126953,63149100
2023-09-21,GOOGL,130.20103839703572,130.98358514285636,128.843956964112,129.21046447753906,31503900
2023-09-21,MSFT,311.95356654433346,317.9041899225686,307.791049475954,312.2173767089844,35560400
2023-09-22,AAPL,172.33909518451154,174.7169382879251,171.7273736602944,172.45748901367188,56725400
2023-09-22,GOOGL,129.52743454969303,130.78546760406437,128.37838034120864,129.02224731445312,26397300
2023-09-22,MSFT,313.96642687422224,314.09345652566765,308.9147319725734,309.75506591796875,21447900
2023-09-25,AAPL,171.87535356826675,174.6083930174941,171.82601779128095,173.7302703857422,46172700
2023-09-25,GOOGL,128.60622722629518,129.9335927895909,127.74443266302944,129.87416076660156,20094600
2023-09-25,MSFT,309.34467850848546,310.39997887585656,307.7910700190704,310.27294921875,17836000
2023-09-26,AAPL,172.48711848209095,172.86203732750283,169.36928354767613,169.665283203125,64588900
2023-09-26,GOOGL,128.54677121517062,129.13120615211784,126.02080490477373,127.35808563232422,25718700
2023-09-26,MSFT,307.9180528712019,308.6508886408052,302.92498298833925,304.9964904785156,26297600
2023-09-27,AAPL,170.3164478696235,170.73084132501634,166.7940959712009,168.15567016601562,66921800
2023-09-27,GOOGL,127.35810764338332,129.6661317841142,127.35810764338332,129.3095245361328,22746500
2023-09-27,MSFT,305.15284644995364,307.10707545013054,302.60259191792346,305.63165283203125,19410100
2023-09-28,AAPL,167.08022534636603,169.7343308371659,165.38317681816312,168.41221618652344,56294400
2023-09-28,GOOGL,128.616101876369,132.04349396320777,128.56657016210218,131.0628204345703,22513100
2023-09-28,MSFT,303.872781327426,308.26004502387354,302.36804670236813,306.462158203125,19683600
2023-09-29,AAPL,169.7244355134215,170.7604265076125,168.06684691168314,168.9252471923828,51861100
2023-09-29,GOOGL,132.02369781929437,132.78644401015598,129.1312236339659,129.6265106201172,30859800
2023-09-29,MSFT,310.478154923174,312.15879317799545,307.7715582965106,308.52392578125,24147300
2023-10-02,AAPL,168.93512915166482,171.9740294168616,168.6489906711008,171.43136596679688,52164500
2023-10-02,GOOGL,129.973228473938,133.15296272774447,129.93359704733973,132.9053192138672,22288000
2023-10-02,MSFT,309.0417936543712,314.5234218740504,307.96696166824097,314.4354553222656,20570000
2023-10-03,AAPL,169.96124934298015,171.31297744317223,168.54047825044546,170.09938049316406,49594600
2023-10-03,GOOGL,132.6774780064036,132.99445381235702,130.5972666540528,131.18170166015625,22989400
2023-10-03,MSFT,313.48763043750324,314.03484198855955,304.0877937628594,306.2179260253906,21033500
2023-10-04,AAPL,168.80683348131024,171.88520792324596,168.68843967571547,171.34254455566406,53020300
2023-10-04,GOOGL,131.53832195471514,134.2921317300679,131.2807781421106,133.96524047851562,26752300
2023-10-04,MSFT,306.8432335596144,312.71570064039577,306.8139213204077,311.660400390625,20720100
2023-10-05,AAPL,171.47083294671847,173.10868450108188,170.3756448658088,172.57589721679688,48527900
2023-10-05,GOOGL,133.79681396484375,134.21285315806793,132.192074088171,133.79681396484375,19832600
2023-10-05,MSFT,311.7874898453599,312.6571361405953,307.6933773421631,312.0513000488281,16965600
2023-10-06,AAPL,171.48072926712837,175.61481822954005,170.8689926183437,175.12149047851562,57266700
2023-10-06,GOOGL,132.74681617552042,136.85770734068427,132.74681617552042,136.28317260742188,27597600
2023-10-06,MSFT,309.3055602997531,321.65630098463043,309.06128169271835,319.7704772949219,25673600
2023-10-09,AAPL,174.45053908507856,176.66065260372454,173.45402254968238,176.60145568847656,42390800
2023-10-09,GOOGL,135.64921945907278,137.63036765595723,134.33175409434926,137.11526489257812,19278100
2023-10-09,MSFT,317.3179038998877,322.7408769349448,315.78382712320234,322.2718811035156,19891200
2023-10-10,AAPL,175.7233522345748,177.32172934204314,175.57534487507365,176.0094757080078,43698000
2023-10-10,GOOGL,137.19449142895036,138.40299285145625,136.03552172670302,136.75863647460938,27786600
2023-10-10,MSFT,323.3857337911902,323.5225441036011,320.1710492794707,320.87457275390625,20557100
2023-10-11,AAPL,175.82198018511957,177.4499705441094,175.22999600880442,177.400634765625,47551100
2023-10-11,GOOGL,137.27374202789582,139.77989295278536,137.27374202789582,139.2251739501953,25884300
2023-10-11,MSFT,323.63001764409694,325.2031871666955,321.6074137138443,324.8123474121094,20063200
2023-10-12,AAPL,177.667018413921,179.9067149957359,176.6507496538397,178.29847717285156,56743100
2023-10-12,GOOGL,139.72044486468351,139.8888406057492,136.95673535288924,137.66004943847656,24765500
2023-10-12,MSFT,323.0046828962765,325.9946502834495,321.1970154685532,323.5811767578125,19313100
2023-10-13,AAPL,178.9990143278533,179.50220314362676,175.7627859383901,176.46331787109375,51427100
2023-10-13,GOOGL,138.06621031388815,138.6803613631377,135.33221637344056,136.06524658203125,23420500
2023-10-13,MSFT,324.7733436051939,326.1901418317179,318.89109484470674,320.2297668457031,21072400
2023-10-16,AAPL,174.39134016768617,176.69024903281087,174.15453745424634,176.33505249023438,52517000
2023-10-16,GOOGL,136.86760720097854,138.31385188558824,136.68931113689553,137.78884887695312,28501900
2023-10-16,MSFT,323.47367526332005,328.4472132631376,323.03399172229655,325.0273132324219,22158000
2023-10-17,AAPL,174.29266779074965,176.03905203817294,172.467364361049,174.78599548339844,57549400
2023-10-17,GOOGL,137.3232929900395,138.58131122040757,135.88694844605996,138.40301513671875,23515800
2023-10-17,MSFT,322.0471583622745,325.828586634413,319.9170559493173,324.46063232421875,18338500
2023-10-18,AAPL,173.23694427289632,175.21025492862336,172.77321506438722,173.49346923828125,54764400
2023-10-18,GOOGL,138.13553721785942,139.39357039308052,136.08505695789236,136.6595916748047,23375000
2023-10-18,MSFT,324.8807432411604,327.909803713785,320.78663169696983,322.5552062988281,23153600
2023-10-19,AAPL,173.69080766680926,175.46679037407037,172.85215962113486,173.11856079101562,59302900
2023-10-19,GOOGL,137.194514445947,138.34358404290452,136.0850762778288,136.4515838623047,26066000
2023-10-19,MSFT,324.5485406563444,329.1703024841639,323.33692834747904,323.737548828125,25052100
2023-10-20,AAPL,172.970532603774,173.07906528544774,170.33616484514565,170.57296752929688,64244000
2023-10-20,GOOGL,136.03551168688367,136.57041492730545,133.8067204743704,134.3218231201172,26335700
2023-10-20,MSFT,324.12841643957864,324.3238512632102,318.0019193859901,319.1940002441406,25027700
2023-10-23,AAPL,168.62923951305967,171.6878615213838,167.66230660218292,170.69134521484375,55980100
2023-10-23,GOOGL,133.76710372602042,136.36241783407064,132.68738171446304,135.21334838867188,26317900
2023-10-23,MSFT,318.0214287466955,325.1152889172781,316.96615830256553,321.7833251953125,24374700
2023-10-24,AAPL,170.74073901093655,171.35246060946264,169.16208417292097,171.1255340576172,43816600
2023-10-24,GOOGL,136.5308133876984,138.04639036690818,136.12467442857437,137.50157165527344,44814300
2023-10-24,MSFT,323.71800459686386,324.2456547479909,320.1026990318568,322.96563720703125,31153600
2023-10-25,AAPL,169.58633193718455,170.75057806188605,168.3727349771656,168.81674194335938,57157000
2023-10-25,GOOGL,126.95197704539778,127.1005571106234,123.89109922458236,124.42601013183594,84366200
2023-10-25,MSFT,337.1239893295993,338.2770069491987,329.8933489527061,332.8735656738281,55053800
2023-10-26,AAPL,168.09650580018277,169.09303756804977,163.4592276003002,164.66294860839844,70625300
2023-10-26,GOOGL,122.10805414835848,123.15806773168973,120.12690614034923,121.12738800048828,57061100
2023-10-26,MSFT,332.7465065726092,333.81155756370936,319.45774634837835,320.3860168457031,37828500
2023-10-27,AAPL,164.68264263448572,166.70528904611524,164.60370840247674,165.97515869140625,58499100
2023-10-27,GOOGL,121.72173162799471,122.14767875459351,119.07690083509236,121.01842498779295,44566500
2023-10-27,MSFT,322.8679216685348,329.0139799295623,320.8843805209721,322.2621154785156,29856500
2023-10-30,AAPL,166.76449089816728,168.8857938712959,166.61648356307745,168.0175323486328,51131000
2023-10-30,GOOGL,122.04862481392112,124.21798434885228,121.59296166894325,123.2868423461914,28940100
2023-10-30,MSFT,325.77974409067264,331.6815239306809,324.235886505314,329.5904846191406,22828100
2023-10-31,AAPL,167.09013127959398,168.61943540994406,165.65946862061676,168.49118041992188,44846000
2023-10-31,GOOGL,123.88118156302636,124.1882646409759,121.53352602850394,122.9104232788086,26292300
2023-10-31,MSFT,331.09518568729226,331.2417468680917,327.0303866312015,330.3721008300781,20265300
2023-11-01,AAPL,168.71806981976965,171.90496247869652,167.849808268541,171.6484375,56934900
2023-11-01,GOOGL,122.90051612476204,125.29770339578585,122.55381673556106,125.2580795288086,30082400
2023-11-01,MSFT,332.0136566147739,339.46904305176577,331.8768463077068,338.1499328613281,28158800
2023-11-02,AAPL,173.17774724497193,175.40758286457637,173.11855033416663,175.2003936767578,77334800
2023-11-02,GOOGL,127.20951847627134,127.76423752931852,125.73356524871063,126.2882843017578,27124600
2023-11-02,MSFT,339.2932104425344,340.84681883225545,336.879736569886,340.3485107421875,24348100
2023-11-03,AAPL,171.91485064572058,174.46042350768224,171.0367278993792,174.2926788330078,79829200
2023-11-03,GOOGL,126.81328074199892,128.3090419584001,126.65478528312016,127.8831024169922,26393100
2023-11-03,MSFT,341.6285464087917,346.2796209573482,339.3811651738514,344.7259826660156,23637700
2023-11-06,AAPL,174.02632779334917,177.03561547183372,173.85859814002026,176.83828735351562,63841300
2023-11-06,GOOGL,127.83356168656296,129.11139533567936,127.45713877699724,129.02224731445312,19052700
2023-11-06,MSFT,345.36113640793855,349.3575311861932,345.2634189928444,348.3706359863281,23828300
2023-11-07,AAPL,176.7889073081916,180.00541354681909,176.58171810512866,179.39369201660156,70530000
2023-11-07,GOOGL,129.47792984284607,130.66661557993928,128.6557516366588,129.7354736328125,29757300
2023-11-07,MSFT,351.1749086935178,354.16487636600215,349.4454269438777,352.279052734375,25833900
2023-11-08,AAPL,179.91661457451394,181.00192645947115,179.16674685036813,180.44940185546875,49340300
2023-11-08,GOOGL,129.73549538032546,130.96381274636772,129.54728387670204,130.5972900390625,26425800
2023-11-08,MSFT,353.4027977448311,355.54268108240564,352.29865348709427,354.8880310058594,26767800
2023-11-09,AAPL,180.51846299464347,181.66297171772456,179.38380034968415,179.97579956054688,53763500
2023-11-09,GOOGL,130.71614806102886,131.30058307721072,128.84396385761158,129.01235961914062,23747800
2023-11-09,MSFT,354.0085341532929,356.441569279184,352.1129298373234,352.4353942871094,24847300
2023-11-10,AAPL,181.75413731292957,184.3228271167955,181.31943456996743,184.1548614501953,66133400
2023-11-10,GOOGL,128.87369024439658,131.5482371624937,128.19019172994675,131.3402099609375,26913300
2023-11-10,MSFT,353.2171111454846,361.63008249841977,352.8067397541227,361.2099304199219,28042100
2023-11-13,AAPL,183.5818457400509,183.78930789371245,181.99123723697812,182.5741271972656,43627500
2023-11-13,GOOGL,130.5378341612988,131.34019664387745,130.0128311760323,130.84490966796875,18324800
2023-11-13,MSFT,359.7930947254669,360.03737334526807,357.5261819771122,358.288330078125,19986500
2023-11-14,AAPL,185.43920547847276,185.8442707665973,184.05607409829287,185.18234252929688,60108400
2023-11-14,GOOGL,132.9251386329532,134.4209000570862,132.06334401742188,132.36050415039062,32395200
2023-11-14,MSFT,362.51919694143055,363.43768679672274,358.9429549170476,361.7961120605469,27683900
2023-11-15,AAPL,185.58743724228927,187.217557704171,185.5182731248136,185.74549865722656,53790500
2023-11-15,GOOGL,133.59871773207556,133.75721320819443,132.31098355475115,133.35107421875,23861500
2023-11-15,MSFT,363.5193871291128,365.3307238214912,359.4365366374243,361.9430541992188,26860100
2023-11-16,AAPL,187.2866746678448,188.6599317940755,186.37774261703024,187.42498779296875,54412900
2023-11-16,GOOGL,133.91570831098554,135.92657242438622,133.0539137238025,135.63929748535156,28013200
2023-11-16,MSFT,363.2060694804829,368.48342035388106,362.4423744800686,368.3071899414063,27182300
2023-11-17,AAPL,187.9584954748911,188.08693448765237,186.29873780998344,187.40524291992188,50922700
2023-11-17,GOOGL,134.71805961336432,134.77749163303557,132.3902047431791,134.03456115722656,37240600
2023-11-17,MSFT,365.80064944827456,366.5447732050072,359.32882848725313,362.1192626953125,40157000
2023-11-20,AAPL,187.6028350817968,189.59850904887813,187.592960955599,189.14404296875,46505100
2023-11-20,GOOGL,132.42983139452585,135.37183718191923,132.360483964102,134.9656982421875,27815500
2023-11-20,MSFT,363.46060991672704,370.950700532352,363.2452072509325,369.5505981445313,52465100
2023-11-21,AAPL,189.10451024981845,189.2131859258528,187.45462685911556,188.34378051757807,38134500
2023-11-21,GOOGL,135.0052960019329,135.8869060757464,134.6784199504252,135.67889404296875,22635300
2023-11-21,MSFT,367.8176325584251,368.3561243217149,363.3627202596963,365.27197265625,28423100
2023-11-22,AAPL,189.1835618351496,190.60620477415247,188.53150773289747,189.00572204589844,39617700
2023-11-22,GOOGL,136.1741959558059,138.10581204793675,136.1741959558059,137.18458557128906,17813900
2023-11-22,MSFT,370.09894608755127,371.8515394102055,367.1322811275927,369.95208740234375,23345300
2023-11-24,AAPL,188.57102324664504,188.60066069963855,186.97054048498805,187.68186950683597,24048300
2023-11-24,GOOGL,136.72891570592253,136.82797914299124,134.70815157836293,135.40155029296875,12514300
2023-11-24,MSFT,369.44288626548433,370.0695230751344,367.2986899991627,369.5408020019531,10176600
2023-11-27,AAPL,187.6324673323309,188.37343380166536,186.6247487130357,187.5040283203125,40552600
2023-11-27,GOOGL,134.7477835762215,137.1152548942663,134.718067564632,135.12420654296875,23436500
2023-11-27,MSFT,368.9043402325333,372.6836719701677,368.3364768521029,370.6960754394531,22179200
2023-11-28,AAPL,187.4941315522009,188.77847629228077,187.1187037624085,188.10665893554688,38415400
2023-11-28,GOOGL,134.7973154661077,135.95628526440245,134.14353298041522,135.90675354003906,18730000
2023-11-28,MSFT,370.44160282909473,374.994400937648,370.2555718847297,374.70068359375,20453100
2023-11-29,AAPL,188.6006665186497,189.77633577367203,186.6939199672285,187.08909606933597,43014200
2023-11-29,GOOGL,136.2732419770331,136.98644119186451,133.5689646786895,133.71755981445312,23967200
2023-11-29,MSFT,375.7384635862064,376.26715471920994,369.5505602574937,370.93109130859375,28963400
2023-11-30,AAPL,187.55341843722024,188.02764780463457,185.92329832736,187.6620941162109,48794400
2023-11-30,GOOGL,133.77699670532533,134.2722836127016,130.04252919152023,131.28074645996094,38988300
2023-11-30,MSFT,370.5786340328009,372.1451961390215,367.6217700935787,370.9898681640625,30554400
2023-12-01,AAPL,188.0375111237308,189.2526917735191,186.95075439627809,188.93655395507807,45704800
2023-12-01,GOOGL,130.61709594726562,130.8647394618695,129.43831039935748,130.61709594726562,31442300
2023-12-01,MSFT,368.8848238631299,370.2555545365773,363.5487299547205,366.6818542480469,33040500
2023-12-04,AAPL,187.69173962433385,187.76090372984268,185.1922139752508,187.1483612060547,43389500
2023-12-04,GOOGL,128.65576445639306,128.80434452022507,126.69442448152655,128.051513671875,36669900
2023-12-04,MSFT,361.3848999985792,361.7961042236622,355.31448343294096,361.424072265625,32063300
2023-12-05,AAPL,187.91895861640964,192.0584780958342,187.88930609245244,191.0902862548828,66628400
2023-12-05,GOOGL,127.73451535832072,130.8944488634641,127.04111657544284,129.7552947998047,27384800
2023-12-05,MSFT,358.7903592232799,365.2817517868028,357.9776914107373,364.73345947265625,23065000
2023-12-06,AAPL,192.10788966712872,192.4141533735728,189.79607806848605,190.0035552978516,41089700
2023-12-06,GOOGL,130.20106226225468,130.5972858566958,128.65576908298854,128.79444885253906,23576200
2023-12-06,MSFT,365.73212951183393,366.3587364446354,360.3372921206186,361.0911865234375,21182100
2023-12-07,AAPL,191.29777821822412,192.6512720749557,191.2582515665674,191.93006896972656,47477700
2023-12-07,GOOGL,133.76711313442814,137.25393802452018,133.4303215848348,135.63929748535156,56767100
2023-12-07,MSFT,360.5331119373255,363.68580733396766,358.6630319776083,363.1962585449219,23118900
2023-12-08,AAPL,191.86088500111677,193.62933314213197,191.33726998338577,193.3527069091797,53406400
2023-12-08,GOOGL,132.93499806498443,135.1142573549108,132.76660233641738,133.71755981445312,32260100
2023-12-08,MSFT,361.4828549867559,366.6328881744278,360.5331290956208,366.40771484375,20154400
2023-12-11,AAPL,190.78404615931,191.15947399253525,189.11439931154692,190.8531951904297,60943700
2023-12-11,GOOGL,131.1321890142382,132.08313157577382,130.12179931701706,132.03359985351562,31138000
2023-12-11,MSFT,360.77790780370736,363.8326876484096,358.44765064841334,363.5389404296875,27708800
2023-12-12,AAPL,190.75437444051195,192.3746202178501,189.41075488796332,192.36474609375,52696900
2023-12-12,GOOGL,130.56757499215098,131.74636063729966,130.0227561920871,131.27088928222656,29032800
2023-12-12,MSFT,363.0983218560983,366.5937071792847,362.7164594804309,366.5545349121094,24838300
2023-12-13,AAPL,192.740180817866,195.61513413450965,192.50308121236984,195.57562255859372,70404200
2023-12-13,GOOGL,132.12275123220434,132.24161526306997,130.32981489684366,131.3203887939453,30104800
2023-12-13,MSFT,368.1603050277397,369.74646839477913,363.0200421218617,366.5447998046875,30955500
2023-12-14,AAPL,195.63490356313392,197.21562292408947,193.79730618821,195.72381591796875,66831600
2023-12-14,GOOGL,132.12276380482388,132.45955533429708,128.46754335829976,130.6963348388672,38722400
2023-12-14,MSFT,365.5069342628608,365.9475401487158,356.5188251808004,358.2811889648437,43277500
2023-12-15,AAPL,195.1508267360026,196.010343100224,194.6272115859594,195.1903533935547,128538400
2023-12-15,GOOGL,130.37935469916124,132.2515390932176,129.9434996884881,131.35012817382812,50847100
2023-12-15,MSFT,359.1819921925265,364.61597239957655,358.6238993402138,362.98089599609375,78502300
2023-12-18,AAPL,193.7281513997374,194.2616557044012,192.04863040265064,193.5305633544922,55751900
2023-12-18,GOOGL,131.37981077825293,135.8571935685249,131.18168392199348,134.51992797851562,32258000
2023-12-18,MSFT,361.7275930990288,365.20337736605416,360.9736688806633,364.8606872558594,21802900
2023-12-19,AAPL,193.7973129513213,194.5777909959987,193.53056080250687,194.5679168701172,40714100
2023-12-19,GOOGL,135.55016524528196,136.17423180663806,134.79733432052262,135.36195373535156,25476800
2023-12-19,MSFT,363.7250161772289,365.4580383300781,362.1095108541582,365.4580383300781,20603700
2023-12-20,AAPL,194.5283816611859,195.2989855460905,192.4833221435547,192.4833221435547,52242800
2023-12-20,GOOGL,137.66006190353008,140.3643245325025,136.76855140187814,137.03599548339844,49107200
2023-12-20,MSFT,367.161590586535,368.1700598934919,362.785023231556,362.8731384277344,26316700
2023-12-21,AAPL,193.73803856316968,194.7062305271897,191.16934877699248,192.3351287841797,46482500
2023-12-21,GOOGL,138.17516326857788,139.3638489644379,137.86807265297588,139.0963897705078,27488300
2023-12-21,MSFT,364.77262075610525,366.583957397764,362.30530541678434,365.7321472167969,17708000
2023-12-22,AAPL,192.8291141147171,193.0563546946672,190.6457412769504,191.2681579589844,37149600
2023-12-22,GOOGL,139.44309659514806,140.65159800099755,139.3836645776405,140.15631103515625,26532200
2023-12-22,MSFT,365.8691539017797,367.3378001809741,364.9194281127133,366.7503356933594,17107500
2023-12-26,AAPL,191.27801448490152,191.5546407459069,190.5074106042434,190.72476196289065,28919300
2023-12-26,GOOGL,140.25539800837274,141.33512026384685,139.8591743724991,140.18606567382812,16780300
2023-12-26,MSFT,367.1615944273694,369.0610461329153,365.69294804966,366.8287048339844,12673100
2023-12-27,AAPL,190.1715235726757,191.16935301152336,188.7883770898652,190.8235626220703,48087700
2023-12-27,GOOGL,140.25537655400615,140.7407632814219,138.57140368669022,139.046875,19628600
2023-12-27,MSFT,365.8789757378514,367.2203346368523,365.0173650898164,366.25103759765625,14905400
2023-12-28,AAPL,191.80161980345068,192.3153607227681,190.8433020640508,191.2483673095703,34049900
2023-12-28,GOOGL,139.45300658951038,139.80961383431003,138.4327165781313,138.90818786621094,16045700
2023-12-28,MSFT,367.5238756999293,368.5910885400905,366.33917592392487,367.4357604980469,14327000
2023-12-29,AAPL,191.56450759639276,192.058485197286,189.42064661751613,190.2110137939453,42672100
2023-12-29,GOOGL,138.3138589912108,139.03697381318452,137.4718650054482,138.373291015625,18733000
2023-12-29,MSFT,368.1407288494093,369.2764857473798,365.6734134446601,368.1799011230469,18730800
